{"type":"FeatureCollection","features":[{"type":"Feature","properties":{"shapeName":"Roi Et Province"},"geometry":{"type":"Polygon","coordinates":[[[103.5111389,16.1982918],[103.5030518,16.1733284],[103.4763794,16.139164],[103.4716492,16.1297188],[103.4685974,16.1183281],[103.4702606,16.1016617],[103.4669266,16.0863838],[103.4677582,16.0738869],[103.4710999,16.0633316],[103.4858093,16.0369415],[103.4866486,16.0247192],[103.4816589,15.996109],[103.4822083,15.9788857],[103.493042,15.9483318],[103.4966431,15.9349976],[103.4972076,15.9266644],[103.4933167,15.914999],[103.4863663,15.9083328],[103.4788666,15.8977776],[103.4597168,15.8405533],[103.4563828,15.8202763],[103.4563828,15.7949982],[103.4452515,15.7538872],[103.442749,15.7283306],[103.4396973,15.7172203],[103.4327469,15.7094421],[103.423027,15.7055531],[103.4141464,15.7058315],[103.3858185,15.7116642],[103.3694305,15.7094421],[103.3544312,15.7019424],[103.3449936,15.6927757],[103.3388824,15.684164],[103.3291626,15.6658335],[103.3244324,15.6563873],[103.3141479,15.6241646],[103.298027,15.6124973],[103.2952576,15.6058311],[103.298317,15.5955524],[103.3047028,15.5919418],[103.3085938,15.5927753],[103.3119202,15.5913868],[103.3172073,15.5863857],[103.3186035,15.5708313],[103.3230362,15.5616646],[103.3397064,15.5499992],[103.3672028,15.5397205],[103.3802567,15.5249996],[103.3849869,15.5244427],[103.399147,15.5330544],[103.4124908,15.5341644],[103.4249878,15.5324993],[103.4341431,15.5274982],[103.4405365,15.5199986],[103.442749,15.5077763],[103.42276,15.4624977],[103.4197083,15.4466648],[103.415143,15.4410643],[103.4047897,15.4368992],[103.4380264,15.4402752],[103.4505463,15.4458313],[103.4594269,15.4472198],[103.4722137,15.4469433],[103.4938736,15.4444427],[103.5047073,15.4408321],[103.5138931,15.4349976],[103.5224915,15.4333324],[103.5294266,15.4338865],[103.5391464,15.4386101],[103.5646973,15.4597206],[103.5744324,15.4633312],[103.5997162,15.4661083],[103.6077576,15.4652748],[103.6208191,15.4591637],[103.6258087,15.454998],[103.6399765,15.4488869],[103.6605377,15.4452763],[103.6994171,15.4419422],[103.7191467,15.4363861],[103.734993,15.4399986],[103.762207,15.434164],[103.7752686,15.4349976],[103.8022003,15.4449978],[103.8225327,15.4491272],[103.824707,15.4555531],[103.8297119,15.4586086],[103.8558197,15.4616642],[103.8566437,15.4583321],[103.8588715,15.4563866],[103.8630371,15.4563866],[103.8738709,15.4622192],[103.8799667,15.4608307],[103.8838806,15.4694424],[103.8861084,15.4694424],[103.8886032,15.4677753],[103.8913727,15.4622192],[103.8933334,15.4480534],[103.9005432,15.4388866],[103.9088669,15.4349976],[103.9163818,15.434164],[103.9347076,15.4408321],[103.9371872,15.4391651],[103.9377594,15.4355555],[103.9344177,15.4266644],[103.9347076,15.4230537],[103.9385834,15.4183311],[103.949707,15.4172211],[103.9713669,15.4244423],[103.9736023,15.4224987],[103.9741516,15.4108315],[103.9799805,15.4044437],[103.9828186,15.4033546],[103.9874878,15.4208317],[103.993042,15.4297199],[104.0074921,15.4424973],[104.0272064,15.4699974],[104.0497131,15.4847202],[104.0552521,15.4936085],[104.0572128,15.5058327],[104.0588684,15.5086098],[104.0736084,15.517498],[104.0794373,15.5347214],[104.0816727,15.53722],[104.0844269,15.5391645],[104.0913696,15.5363855],[104.0997162,15.5369434],[104.1022034,15.5397205],[104.1069336,15.5533314],[104.1224823,15.5561085],[104.1293182,15.564497],[104.1361084,15.5752754],[104.1413727,15.5791655],[104.1847076,15.5966644],[104.2061152,15.6008626],[104.2133679,15.6160473],[104.2122306,15.617436],[104.208261,15.6178493],[104.1944208,15.6140014],[104.1887774,15.609149],[104.1869106,15.6093515],[104.185666,15.6107609],[104.1878333,15.6118562],[104.1886272,15.6145387],[104.1829838,15.6186924],[104.1822339,15.6217964],[104.1919424,15.6293121],[104.191377,15.6322403],[104.1881701,15.6338148],[104.1781988,15.6307241],[104.1701307,15.6325012],[104.1703882,15.6353507],[104.1768406,15.6367434],[104.1784992,15.6386156],[104.1738365,15.646827],[104.1715191,15.6565381],[104.172077,15.6601745],[104.1752377,15.6612613],[104.1802159,15.6570877],[104.1839924,15.6565505],[104.1867711,15.6586745],[104.1873827,15.6656414],[104.1853228,15.6681207],[104.1829195,15.6682033],[104.1754629,15.6637928],[104.1769264,15.6713313],[104.1684141,15.6732857],[104.1673563,15.6792232],[104.1615477,15.687995],[104.1524067,15.690226],[104.1511343,15.6977744],[104.1444695,15.7023727],[104.1421938,15.7063402],[104.143095,15.708819],[104.147687,15.7101823],[104.1481161,15.7122892],[104.14567,15.7129502],[104.1389752,15.7108846],[104.1351557,15.7032004],[104.1283751,15.6959704],[104.1242981,15.6960531],[104.1182471,15.7021263],[104.1193629,15.7055553],[104.1282292,15.7044357],[104.1306753,15.7054685],[104.1280747,15.711339],[104.127903,15.7207166],[104.1335335,15.7349454],[104.1322417,15.7432153],[104.1341686,15.7462057],[104.1400051,15.7479405],[104.1418075,15.7512015],[104.1402626,15.7541341],[104.132967,15.7543819],[104.1274309,15.7685071],[104.1326708,15.7731595],[104.1338725,15.7790239],[104.1386361,15.7852186],[104.133954,15.7996039],[104.1255426,15.8016685],[104.1199207,15.8053023],[104.1116831,15.8062521],[104.1054164,15.8159556],[104.0964718,15.8253965],[104.0774356,15.8386023],[104.0742169,15.8393867],[104.0701829,15.8365173],[104.0699286,15.8273164],[104.0733157,15.8245439],[104.0790664,15.8252871],[104.0795846,15.8226095],[104.0769882,15.8189141],[104.0675254,15.813154],[104.0594358,15.8117501],[104.0554018,15.8080751],[104.0464507,15.8039397],[104.0350202,15.796098],[104.0254007,15.799129],[104.0092002,15.7943594],[104.0003167,15.7957428],[104.0025112,15.8049297],[103.9977261,15.8141791],[103.9998075,15.8147365],[104.0049781,15.8116626],[104.0069893,15.8140358],[104.0051117,15.8173287],[104.0141771,15.8174423],[104.0092316,15.8214577],[104.0108618,15.8269801],[104.0073862,15.8315424],[104.00965,15.8321411],[104.0132866,15.8301387],[104.0170921,15.830182],[104.0166844,15.833165],[104.0123639,15.8365996],[104.0137479,15.8392935],[104.0117523,15.8399334],[104.0125431,15.8444671],[104.0145418,15.8442271],[104.0161329,15.8381483],[104.0210617,15.8395025],[104.0187583,15.848273],[104.0277061,15.8518027],[104.0259895,15.8553428],[104.0290473,15.8600496],[104.0250025,15.8605966],[104.0201761,15.8638568],[104.019703,15.8670772],[104.0254847,15.8643424],[104.0292259,15.8664043],[104.0360854,15.8671288],[104.0366717,15.8683135],[104.0350232,15.8708233],[104.0294979,15.8680782],[104.0235718,15.8702743],[104.0244301,15.8728233],[104.0318974,15.8737418],[104.0321828,15.8752149],[104.0241656,15.8787695],[104.0210012,15.8778717],[104.0205935,15.8794712],[104.0223364,15.8809319],[104.0212157,15.8830623],[104.0149753,15.8864233],[104.0177246,15.8896748],[104.0212372,15.8911524],[104.0194669,15.892855],[104.017922,15.8911524],[104.015111,15.8922565],[104.0169028,15.9020282],[104.0194991,15.9061967],[104.0141133,15.9108088],[104.0237327,15.9117766],[104.0235332,15.9146573],[104.0283177,15.9193215],[104.0263007,15.9231177],[104.0292425,15.9243594],[104.029573,15.9276985],[104.0328152,15.9294354],[104.0350768,15.934683],[104.0328345,15.9364574],[104.036066,15.9396694],[104.0353665,15.9414918],[104.0336821,15.9397483],[104.0328903,15.941743],[104.0341113,15.9428123],[104.0322466,15.9459726],[104.0330405,15.9480461],[104.0293498,15.9490158],[104.0291116,15.9515911],[104.0307639,15.9529528],[104.0279121,15.9540086],[104.0301416,15.9572131],[104.027955,15.9566288],[104.0272877,15.9606791],[104.0198037,15.9592416],[104.0149994,15.9655533],[104.0149994,15.9719429],[104.0166626,15.9744415],[104.0264435,15.9810123],[104.048027,15.9844418],[104.074707,15.9824982],[104.0897064,15.978054],[104.1022034,15.9786091],[104.1085968,15.9819412],[104.1119232,15.992775],[104.1124878,16.0102768],[104.1191406,16.0374985],[104.1160889,16.0472183],[104.1077576,16.0580521],[104.102478,16.0622177],[104.0977631,16.0711098],[104.0977631,16.0788841],[104.1044312,16.0911064],[104.1194305,16.1047173],[104.1294327,16.1083298],[104.1483307,16.1122169],[104.1508179,16.113884],[104.1633072,16.1252747],[104.1691437,16.1333313],[104.1788635,16.1424942],[104.1960907,16.1480522],[104.2086029,16.1591606],[104.2249908,16.1611061],[104.2327576,16.1672173],[104.2497101,16.1924934],[104.2563782,16.2138824],[104.2719269,16.23666],[104.2838669,16.2477722],[104.2927628,16.2536087],[104.3091431,16.2513885],[104.3174896,16.2524986],[104.3236084,16.2552757],[104.336113,16.2755547],[104.3466492,16.2836075],[104.3502731,16.2894402],[104.3497162,16.3013878],[104.3513794,16.3141632],[104.3559265,16.3233299],[104.3374863,16.3252754],[104.3277664,16.3294411],[104.3269272,16.3336067],[104.3297119,16.3408318],[104.3297119,16.3541641],[104.3208313,16.3988838],[104.3252716,16.4183273],[104.3255463,16.425827],[104.3208313,16.4397163],[104.3188782,16.4547157],[104.3144226,16.4641609],[104.3099823,16.4694405],[104.3044281,16.4727707],[104.2960968,16.4719391],[104.2874908,16.4519386],[104.2830505,16.447216],[104.2647095,16.4424934],[104.2563782,16.4369392],[104.2440491,16.4328918],[104.2341537,16.4324951],[104.2147064,16.4383278],[104.2011032,16.4327736],[104.197197,16.4324951],[104.1894226,16.4338837],[104.1860962,16.4358292],[104.1802673,16.4438858],[104.1774673,16.4452744],[104.17276,16.446106],[104.1644287,16.4449959],[104.1572113,16.4430504],[104.1508179,16.4391632],[104.1388931,16.4286079],[104.098877,16.4174957],[104.0769272,16.4074974],[104.0688782,16.4013863],[104.0627594,16.3933296],[104.0463867,16.3892288],[104.0469437,16.3966637],[104.0415802,16.4399223],[104.0402679,16.4411049],[104.0158234,16.4424934],[104.0008163,16.4466629],[103.9974823,16.445549],[103.9874878,16.4372177],[103.9791565,16.4358292],[103.9702606,16.4369392],[103.9555511,16.4413834],[103.9335938,16.4413834],[103.9213715,16.4436073],[103.9155426,16.4516602],[103.9080429,16.4538841],[103.894989,16.4533272],[103.8722076,16.468605],[103.868042,16.469162],[103.8477631,16.4658279],[103.8349915,16.4672165],[103.8219299,16.4663849],[103.8035889,16.4572182],[103.7694397,16.4299965],[103.7447128,16.4133301],[103.731369,16.3986053],[103.7233124,16.3924942],[103.7072067,16.3858299],[103.7019272,16.3816643],[103.7022095,16.3769417],[103.7052612,16.3713837],[103.7208328,16.3541641],[103.7241516,16.3430519],[103.7233124,16.3358307],[103.7252731,16.3288841],[103.7441406,16.3144417],[103.7488709,16.3097191],[103.7513886,16.3038864],[103.7506599,16.2906602],[103.7530764,16.2749923],[103.755374,16.2707246],[103.7535807,16.2651118],[103.748664,16.257636],[103.73526,16.2505531],[103.7305527,16.2311058],[103.723999,16.2191658],[103.7155533,16.2219391],[103.7033234,16.2224617],[103.6991272,16.2263565],[103.6935425,16.2235603],[103.6930389,16.2163696],[103.6908112,16.2141609],[103.6783066,16.217495],[103.6710968,16.2177734],[103.6683197,16.2230492],[103.6652679,16.222496],[103.6627731,16.216938],[103.6633072,16.2099953],[103.6716537,16.2022171],[103.6713715,16.1986046],[103.6658173,16.1952744],[103.6574936,16.1991615],[103.6541595,16.1988831],[103.6455383,16.1911049],[103.6422119,16.1911049],[103.6358185,16.1930504],[103.6258087,16.2113838],[103.6147003,16.217495],[103.6074829,16.218605],[103.6038666,16.2180519],[103.6016464,16.2161064],[103.6094208,16.2113838],[103.6136017,16.2041626],[103.6108093,16.1988831],[103.6005402,16.1963844],[103.5963669,16.2005501],[103.5797119,16.2002716],[103.5616531,16.2030487],[103.5569305,16.2066612],[103.5591431,16.2166634],[103.5566406,16.2183266],[103.5435867,16.215271],[103.5410919,16.216938],[103.5405426,16.2205505],[103.5372009,16.2213821],[103.5333328,16.2133293],[103.527771,16.2063828],[103.5208282,16.201107],[103.5111389,16.1982918]]]}},{"type":"Feature","properties":{"shapeName":"Nong Bua Lam Phu Province"},"geometry":{"type":"Polygon","coordinates":[[[102.0808334,17.6433296],[102.0894318,17.6283302],[102.0905533,17.621109],[102.0952606,17.6158295],[102.1041565,17.6105537],[102.1138763,17.5969429],[102.1144333,17.5886078],[102.1219177,17.5824966],[102.1224823,17.5711098],[102.1260834,17.5652733],[102.1330414,17.5583305],[102.1361084,17.5519409],[102.1394272,17.5327759],[102.144989,17.515831],[102.1438828,17.5113869],[102.1422119,17.5086098],[102.1363831,17.5049973],[102.1322021,17.4983292],[102.1330414,17.4913826],[102.1299667,17.4847183],[102.1249771,17.4802742],[102.1033173,17.469162],[102.0935974,17.4602737],[102.0788727,17.4519386],[102.0716629,17.44944],[102.0627594,17.4488831],[102.0499878,17.4502716],[102.0427628,17.452774],[102.0169373,17.4508286],[101.9958191,17.4538841],[101.9885864,17.4513855],[101.984993,17.445549],[101.9827576,17.4336052],[101.9844208,17.4174957],[101.9894333,17.4041634],[101.9947128,17.3961067],[102.0186005,17.3730507],[102.0216522,17.3669395],[102.0230408,17.3633308],[102.0186005,17.3483315],[102.0188828,17.344162],[102.0260925,17.327774],[102.0255432,17.3241653],[102.0244293,17.3205528],[102.0163879,17.310276],[102.0049896,17.3024979],[101.9844208,17.2811089],[101.9791565,17.2672195],[101.9802704,17.2588882],[101.9830475,17.2527771],[101.981369,17.2447166],[101.9491425,17.2155495],[101.9449768,17.2061043],[101.9460907,17.197773],[101.9533234,17.1736069],[101.9569397,17.1674957],[101.977478,17.1463852],[101.9897003,17.1394386],[102.0063782,17.1372185],[102.0133209,17.1341629],[102.0302734,17.1227722],[102.04776,17.1208305],[102.0549774,17.1180534],[102.0694427,17.1086082],[102.0813828,17.1077728],[102.0885925,17.1052742],[102.0958328,17.098053],[102.109993,17.0752754],[102.11026,17.0713844],[102.1080322,17.0641632],[102.11026,17.0572205],[102.1224823,17.0508308],[102.1271973,17.0463867],[102.1291504,17.038887],[102.1333313,17.0341644],[102.1461029,17.0277748],[102.1538696,17.0216637],[102.152771,17.0177765],[102.1155396,17.0041656],[102.1091537,17.0005531],[102.0938721,16.9836044],[102.0833282,16.9758263],[102.0452576,16.9624939],[102.0333328,16.9558296],[102.0330505,16.9486046],[102.0435867,16.931385],[102.0524673,16.9127731],[102.0708313,16.8888855],[102.0708038,16.8851582],[102.0748071,16.885593],[102.0812086,16.8897474],[102.0834563,16.8889441],[102.0858623,16.8853458],[102.0968727,16.8825482],[102.0990292,16.8832874],[102.0963336,16.8905405],[102.0995254,16.8922908],[102.1000685,16.8961285],[102.1046905,16.8974478],[102.1106307,16.8946005],[102.1106895,16.8927912],[102.113138,16.8918021],[102.1135022,16.8873504],[102.1187804,16.888844],[102.1244015,16.8805805],[102.1293663,16.883414],[102.1322309,16.8822051],[102.1341915,16.8788711],[102.1369542,16.8784348],[102.1406315,16.8802853],[102.1409534,16.8776237],[102.1442901,16.8763147],[102.1448399,16.8807139],[102.1562634,16.8811451],[102.1577172,16.8787992],[102.1579532,16.8717587],[102.1682288,16.8704907],[102.1676387,16.8667022],[102.1716996,16.8648463],[102.17476,16.8657678],[102.1801351,16.8720051],[102.1851079,16.8667227],[102.1852823,16.8615967],[102.188289,16.8574793],[102.190931,16.8592582],[102.1994953,16.8599846],[102.200662,16.8617327],[102.2043099,16.8626645],[102.2065951,16.8611321],[102.2113399,16.8614889],[102.2137593,16.8602927],[102.2143976,16.8630495],[102.2211193,16.8654136],[102.2222887,16.8687659],[102.2266178,16.8689173],[102.2244854,16.870922],[102.2264944,16.8731756],[102.2289513,16.8734964],[102.2276638,16.8758989],[102.2316362,16.8769435],[102.2328217,16.8746745],[102.2340314,16.8751135],[102.2350319,16.8774466],[102.2335754,16.8792972],[102.2353457,16.8805907],[102.241614,16.8784142],[102.240855,16.8762698],[102.2426225,16.8751635],[102.2436364,16.8773863],[102.2462221,16.8771873],[102.244492,16.8817111],[102.2492382,16.8783693],[102.2497612,16.8812568],[102.2481801,16.8833704],[102.2498095,16.8852209],[102.2487189,16.888202],[102.2505377,16.889603],[102.2495117,16.8915267],[102.2545282,16.8911746],[102.2543253,16.8948041],[102.2574698,16.8934286],[102.259044,16.8942706],[102.2633835,16.8917027],[102.2777654,16.8939439],[102.2850105,16.8907862],[102.2876012,16.8913488],[102.2882916,16.8897736],[102.2924717,16.8899587],[102.2951573,16.8918715],[102.2963446,16.8910331],[102.2957984,16.8889315],[102.2916562,16.8875486],[102.291512,16.884046],[102.2962612,16.8844852],[102.2980667,16.8825179],[102.3020686,16.8855378],[102.3068063,16.8843327],[102.3070377,16.8820315],[102.3020724,16.8803255],[102.3023986,16.8769825],[102.3072349,16.8749098],[102.3117716,16.8673813],[102.3152424,16.8692798],[102.3247672,16.8668368],[102.3243992,16.8649673],[102.319248,16.8616639],[102.3210612,16.8597689],[102.3175677,16.858208],[102.3166952,16.8550497],[102.3189749,16.8552965],[102.3225785,16.8532418],[102.3285756,16.8558592],[102.3305708,16.8549698],[102.332107,16.8485151],[102.3235078,16.846384],[102.3297818,16.8446559],[102.3315646,16.8404046],[102.3402776,16.8361459],[102.3403535,16.8348389],[102.3359154,16.8316366],[102.3389955,16.8294945],[102.3383469,16.8242117],[102.3411766,16.8235],[102.3436877,16.8178067],[102.3467944,16.8180391],[102.3499541,16.8239829],[102.3489186,16.8266153],[102.350379,16.830896],[102.3558526,16.8255043],[102.3549953,16.8231188],[102.3582385,16.8222256],[102.3613793,16.8168046],[102.3657112,16.8178176],[102.3702378,16.813624],[102.3742665,16.8131567],[102.3758329,16.8107021],[102.378322,16.8110308],[102.3797006,16.8134546],[102.3762191,16.814841],[102.3759992,16.8169413],[102.3779196,16.8179888],[102.383613,16.8163978],[102.3919373,16.8033295],[102.4097137,16.7922211],[102.4210968,16.7891655],[102.4297028,16.7883301],[102.442749,16.7897186],[102.4624863,16.7974968],[102.4710999,16.7986069],[102.5058289,16.7941628],[102.5216522,16.7902756],[102.5413666,16.7808304],[102.5544281,16.7624969],[102.5616531,16.7597198],[102.5755463,16.7647209],[102.6098175,16.7691231],[102.614151,16.7719421],[102.6188736,16.7808304],[102.6222076,16.7927742],[102.6244202,16.8174973],[102.6316528,16.8436089],[102.6438828,16.8744392],[102.6666565,16.9172173],[102.6746979,16.9416618],[102.6830368,16.9572182],[102.685257,16.9641609],[102.6849823,16.9733276],[102.68839,16.9869806],[102.6321985,17.0026858],[102.6194971,17.0193863],[102.574645,17.0376032],[102.5202669,17.1002104],[102.5079623,17.1354888],[102.5250299,17.1430747],[102.5250299,17.1510395],[102.5159007,17.1597625],[102.5210607,17.1828955],[102.5119315,17.1855499],[102.519473,17.2162625],[102.5385252,17.2306691],[102.5480513,17.2173999],[102.5571805,17.2374929],[102.5766296,17.2325646],[102.594888,17.2515188],[102.5956818,17.2625114],[102.5409067,17.2606161],[102.5349529,17.2670598],[102.5166946,17.2784304],[102.4964516,17.2841155],[102.474621,17.2761564],[102.474224,17.2810835],[102.4623164,17.2848735],[102.4527903,17.2795674],[102.4440581,17.2795674],[102.4500119,17.3148117],[102.4460427,17.3390619],[102.3968245,17.4352731],[102.3960306,17.4530704],[102.3678493,17.5227283],[102.3575293,17.5249993],[102.3555447,17.541274],[102.3436371,17.5514922],[102.3476063,17.5817651],[102.3380802,17.5889541],[102.3337141,17.6362435],[102.3285541,17.6483476],[102.3325233,17.6782261],[102.3265695,17.6808733],[102.2765575,17.6702842],[102.2876712,17.6547775],[102.1932041,17.6593162],[102.1717704,17.6752006],[102.1547028,17.6717969],[102.1574812,17.6604509],[102.1459705,17.6528864],[102.1380321,17.6407826],[102.1201706,17.6441869],[102.1146138,17.6566687],[102.1027061,17.6456999],[102.0808334,17.6433296]]]}},{"type":"Feature","properties":{"shapeName":"Surin Province"},"geometry":{"type":"Polygon","coordinates":[[[103.4047897,15.4368992],[103.3997901,15.4343086],[103.3986636,15.4354875],[103.3971025,15.4316765],[103.3906706,15.429272],[103.3806713,15.4287342],[103.3738156,15.4246826],[103.3655409,15.4145998],[103.3623276,15.4127225],[103.3499841,15.4110987],[103.3483104,15.4088128],[103.3472911,15.4104315],[103.3429084,15.4085956],[103.341224,15.4059271],[103.3404086,15.4095472],[103.3302645,15.4118434],[103.3306561,15.4133638],[103.3273301,15.4142429],[103.3257583,15.4126527],[103.3136938,15.4133328],[103.3044509,15.4170769],[103.3011249,15.4161253],[103.2996336,15.4180853],[103.2905141,15.4214053],[103.2695231,15.4233342],[103.2644484,15.4265868],[103.2645396,15.4281382],[103.2618628,15.4300825],[103.2634399,15.4331076],[103.2632307,15.4380768],[103.2527971,15.4433565],[103.2506326,15.4484639],[103.2415506,15.4498858],[103.2299286,15.4472384],[103.224583,15.4484652],[103.224701,15.4537391],[103.2187411,15.4574618],[103.214353,15.4580409],[103.215442,15.4612594],[103.2039514,15.4601478],[103.1143442,15.4828546],[103.1113522,15.4813157],[103.1135882,15.4777899],[103.1112629,15.4776417],[103.1125964,15.4721766],[103.1139238,15.4719455],[103.1154811,15.4670685],[103.108408,15.4652695],[103.1090574,15.4642604],[103.1072298,15.4637809],[103.1057797,15.4573532],[103.1107563,15.4506339],[103.1065245,15.4470215],[103.1081187,15.4457361],[103.1066356,15.4447875],[103.1071757,15.4421213],[103.1056484,15.439603],[103.1040957,15.4399023],[103.1018503,15.4355735],[103.1011337,15.4365636],[103.1005843,15.4356195],[103.1006835,15.4300734],[103.0949191,15.4281855],[103.0903853,15.4244957],[103.0899022,15.4194803],[103.0919461,15.4175099],[103.096034,15.4169725],[103.1077401,15.4088759],[103.1138719,15.4099149],[103.1152469,15.4033944],[103.1175138,15.4019254],[103.1252723,15.4015761],[103.1274395,15.4030241],[103.1301217,15.4006451],[103.1351374,15.4005944],[103.1362586,15.4044722],[103.1330185,15.4085061],[103.1362092,15.412089],[103.1386189,15.4120631],[103.146128,15.4018657],[103.1443256,15.3965283],[103.1409771,15.3946458],[103.1413205,15.3883566],[103.1456978,15.3871153],[103.1482899,15.38143],[103.1495827,15.3817776],[103.1490248,15.384074],[103.1505215,15.3859609],[103.1545341,15.3841609],[103.1535524,15.3809293],[103.1553709,15.3788852],[103.1536597,15.3778466],[103.1499046,15.3788811],[103.1479895,15.3757818],[103.1499851,15.3733818],[103.1551615,15.3740559],[103.1566856,15.3729122],[103.1577906,15.3676259],[103.1549115,15.3663032],[103.1551583,15.3646273],[103.163913,15.3643894],[103.1626401,15.3607669],[103.1586452,15.3619582],[103.1585953,15.3569804],[103.1561775,15.35453],[103.1562741,15.3527298],[103.1629512,15.3534111],[103.1660411,15.3581287],[103.1696487,15.3597447],[103.1708154,15.3635809],[103.173923,15.3631169],[103.1763622,15.3593185],[103.1783578,15.3595254],[103.1800208,15.3618118],[103.1789693,15.3662707],[103.1817014,15.3681137],[103.1906171,15.3645756],[103.1944258,15.3657343],[103.1974085,15.3622996],[103.1966076,15.3582839],[103.1936357,15.3579115],[103.1893441,15.3602496],[103.1872375,15.3578717],[103.1926127,15.352947],[103.1956312,15.3449479],[103.1966719,15.3354601],[103.2010064,15.3361637],[103.2016823,15.3429717],[103.2070896,15.3392884],[103.2118747,15.3428579],[103.2136734,15.3408937],[103.2104225,15.3365067],[103.2102976,15.3310626],[103.2125399,15.3310626],[103.2174966,15.3356153],[103.2235648,15.3306105],[103.2227392,15.3277428],[103.2187837,15.3284541],[103.2218307,15.3243783],[103.2188051,15.3227641],[103.219215,15.3212989],[103.2256947,15.3230786],[103.2281612,15.3213154],[103.2276908,15.3179152],[103.2306718,15.3171764],[103.231809,15.318356],[103.2298135,15.3225985],[103.2320896,15.3243203],[103.2344513,15.3202693],[103.2446147,15.3172398],[103.2505192,15.3209589],[103.2526182,15.320702],[103.2540939,15.3133454],[103.2479953,15.3085099],[103.2484201,15.3070356],[103.2510046,15.3068106],[103.256362,15.3098285],[103.2582988,15.3134058],[103.2624582,15.314158],[103.2655199,15.3104043],[103.2665668,15.3115328],[103.2645346,15.3145619],[103.2660741,15.3177692],[103.270939,15.3176504],[103.275496,15.3193728],[103.2764197,15.316225],[103.2847331,15.316225],[103.281223,15.3074939],[103.2870731,15.3039301],[103.2886127,15.3021482],[103.2883663,15.2988813],[103.289598,15.2986437],[103.293416,15.3003069],[103.3004978,15.3089788],[103.3059784,15.3191946],[103.3158314,15.3180662],[103.3172477,15.3201449],[103.3167551,15.3224018],[103.3136145,15.3273313],[103.3203883,15.3276876],[103.3242679,15.3333296],[103.329687,15.331251],[103.3271006,15.3358833],[103.3282091,15.3373086],[103.3378773,15.3350519],[103.3397247,15.3359427],[103.3408332,15.342891],[103.3423111,15.3438412],[103.3448975,15.3403374],[103.347607,15.339209],[103.3501319,15.340278],[103.3480997,15.3460384],[103.3494545,15.3472855],[103.3531493,15.3444944],[103.3615243,15.3451476],[103.3604774,15.3383182],[103.3656502,15.3377837],[103.3711925,15.3402186],[103.3745178,15.3392684],[103.3774737,15.3370117],[103.3807375,15.329113],[103.3876345,15.3244211],[103.3857255,15.3205013],[103.3863413,15.3184819],[103.3960711,15.3136116],[103.4005973,15.3145619],[103.4029374,15.3089194],[103.4066938,15.3099292],[103.4089723,15.3141462],[103.411066,15.3143244],[103.4132829,15.3105231],[103.4146993,15.3105231],[103.4168546,15.3159874],[103.4188868,15.3167001],[103.424737,15.3155716],[103.4259686,15.3090976],[103.4273233,15.3083849],[103.4307719,15.3103449],[103.4312645,15.315928],[103.4288013,15.3209764],[103.4354212,15.32258],[103.4352981,15.3259653],[103.4324653,15.3292912],[103.4357907,15.3353488],[103.4389929,15.3354676],[103.4411482,15.331251],[103.4429341,15.3306571],[103.4510012,15.335527],[103.4490921,15.3378431],[103.4422567,15.3381401],[103.4415177,15.3403374],[103.4437346,15.3441975],[103.4468137,15.345207],[103.4514322,15.3437224],[103.452352,15.3372275],[103.4591517,15.3353999],[103.4627939,15.3376033],[103.4650879,15.3413837],[103.4649704,15.3458156],[103.4676695,15.3472793],[103.4694686,15.3461983],[103.4703137,15.338475],[103.4724942,15.3365259],[103.4722889,15.3312452],[103.474507,15.328932],[103.4687618,15.3261573],[103.4720628,15.3204633],[103.4760436,15.3187671],[103.4818349,15.3200512],[103.4850555,15.3175155],[103.4858757,15.3109801],[103.4898282,15.3126759],[103.4900434,15.316511],[103.4915213,15.3172347],[103.495093,15.3126019],[103.4961248,15.3078692],[103.4993079,15.3093578],[103.5005086,15.3149424],[103.5032268,15.3139035],[103.5037596,15.3114065],[103.5029331,15.3056889],[103.4992769,15.3051565],[103.4970154,15.3015272],[103.4978491,15.2979563],[103.5009198,15.2947171],[103.5050691,15.2954362],[103.5053255,15.2922585],[103.4996726,15.2916722],[103.4948719,15.2942308],[103.4886701,15.2914019],[103.486111,15.2929875],[103.4820574,15.2928614],[103.480507,15.2956723],[103.4769951,15.2917983],[103.4769578,15.2860683],[103.475426,15.2855277],[103.4740997,15.2874017],[103.4701022,15.2879963],[103.4690375,15.2802481],[103.4676738,15.2821401],[103.4628849,15.2830717],[103.4617896,15.2813472],[103.4635455,15.2764639],[103.4579789,15.2662283],[103.4612479,15.2621916],[103.4614534,15.2597047],[103.4591914,15.2567941],[103.4530287,15.2551813],[103.4442304,15.263399],[103.4415031,15.2634351],[103.441746,15.2582449],[103.4436887,15.257434],[103.4465467,15.2586414],[103.4476802,15.2572098],[103.4467709,15.2543523],[103.4404384,15.2510903],[103.4364969,15.2426377],[103.4339378,15.2290661],[103.4371693,15.2244252],[103.4373749,15.2206127],[103.4306327,15.217411],[103.4285186,15.2138294],[103.430607,15.2105351],[103.4353872,15.2093632],[103.4361602,15.206792],[103.4316938,15.205328],[103.4260563,15.2082823],[103.4211806,15.2050304],[103.4189517,15.2010086],[103.4201984,15.1923675],[103.4182613,15.1883843],[103.4259667,15.187439],[103.428193,15.1865371],[103.4290255,15.1841298],[103.4281458,15.1786688],[103.4229187,15.1743772],[103.4204321,15.1682623],[103.4227671,15.1670003],[103.4243736,15.1624028],[103.4294359,15.1596442],[103.4261197,15.1558401],[103.4251955,15.1519092],[103.4209796,15.151978],[103.4291796,15.1408809],[103.424813,15.135423],[103.4254781,15.1324817],[103.4242658,15.130431],[103.4258966,15.1275518],[103.4292762,15.1283079],[103.4333746,15.1223111],[103.4329025,15.1206021],[103.4280587,15.1182261],[103.4261351,15.1058649],[103.4280126,15.1052112],[103.4345684,15.1092227],[103.4409396,15.1082422],[103.4422016,15.1062512],[103.4402317,15.1038443],[103.4397085,15.0993572],[103.4352456,15.0989412],[103.4329064,15.1009322],[103.4313982,15.0997435],[103.4323524,15.0896695],[103.4287513,15.0829533],[103.431152,15.0816754],[103.431706,15.0850633],[103.4361997,15.0865789],[103.439216,15.0899667],[103.442417,15.0877379],[103.4417399,15.0858062],[103.4367537,15.0822103],[103.431983,15.0713628],[103.4256426,15.0706495],[103.4227494,15.0658645],[103.4239806,15.0630113],[103.4266275,15.0613469],[103.4339529,15.0607822],[103.4405703,15.0567995],[103.448265,15.0456831],[103.4435251,15.0396788],[103.4418938,15.0337339],[103.437277,15.0298993],[103.431706,15.0274915],[103.4221031,15.0308802],[103.4214259,15.0274023],[103.4246269,15.0287994],[103.4247192,15.0261241],[103.4207796,15.0241918],[103.4191483,15.0180086],[103.4165937,15.0182464],[103.4180095,15.0129549],[103.4147315,15.0044524],[103.4095299,15.0034119],[103.4110689,15.001866],[103.4190406,15.0010038],[103.4243961,14.9943145],[103.4267968,14.9934226],[103.4271046,14.9876844],[103.4254425,14.9867925],[103.4221184,14.9895872],[103.4202563,14.9851869],[103.4282588,14.983403],[103.4306903,14.9787647],[103.4307211,14.9768618],[103.4255195,14.9755833],[103.4225955,14.9777835],[103.4211181,14.9773673],[103.4200101,14.9727586],[103.4219492,14.9710935],[103.428505,14.9719558],[103.4296438,14.9707367],[103.4204102,14.9667523],[103.4168399,14.9587833],[103.4176401,14.9558097],[103.4211489,14.9561665],[103.4236728,14.9544121],[103.421826,14.9497137],[103.4242883,14.9429038],[103.4281665,14.9422198],[103.4254579,14.9341309],[103.4259812,14.9286886],[103.4226878,14.9273503],[103.4212105,14.923841],[103.4188097,14.9230974],[103.4181172,14.9190527],[103.4118658,14.9168942],[103.4068157,14.9182233],[103.4056597,14.9206228],[103.4019584,14.9196475],[103.3994112,14.9130635],[103.4047333,14.9120926],[103.4015232,14.9105986],[103.4033548,14.906968],[103.4023005,14.9049243],[103.3998962,14.9060256],[103.3998039,14.9026527],[103.3981876,14.9014049],[103.4048733,14.8975423],[103.4022969,14.8973107],[103.401312,14.8925814],[103.3948177,14.8952286],[103.3895237,14.894604],[103.390047,14.8893391],[103.3924169,14.8861564],[103.3873077,14.8863348],[103.387123,14.8835685],[103.3790897,14.876578],[103.3797053,14.8739305],[103.38503,14.8715507],[103.3826909,14.8703013],[103.3768429,14.8708963],[103.3793052,14.8687247],[103.3789974,14.8659581],[103.3755502,14.859681],[103.3738574,14.8599488],[103.3726262,14.8624477],[103.3668398,14.8606032],[103.3670553,14.858372],[103.364593,14.858848],[103.3597607,14.8541178],[103.3589297,14.848614],[103.3517274,14.840224],[103.3464335,14.8407596],[103.3412011,14.8387959],[103.341078,14.8366835],[103.3443405,14.8372786],[103.3466182,14.8327859],[103.3461873,14.8309412],[103.3440327,14.8321016],[103.3403393,14.8280848],[103.3360611,14.829513],[103.3363688,14.8328156],[103.3292282,14.8328156],[103.318748,14.8265674],[103.3199792,14.8235622],[103.3170552,14.8183254],[103.3201023,14.8169566],[103.314439,14.8168079],[103.3124691,14.8141894],[103.3142851,14.8111543],[103.312069,14.8109162],[103.3112995,14.8139216],[103.3083448,14.8138621],[103.3072128,14.7927761],[103.3024673,14.7833328],[103.2922134,14.7752762],[103.2841492,14.7644444],[103.2835999,14.7602768],[103.2885895,14.7419415],[103.2888794,14.7299976],[103.274147,14.6783314],[103.2688828,14.6652756],[103.2530518,14.6388874],[103.2508163,14.617775],[103.2472076,14.6119423],[103.234993,14.6011086],[103.2297134,14.5922203],[103.2285919,14.5830536],[103.2299805,14.5713863],[103.234993,14.558609],[103.2374878,14.5474987],[103.2363663,14.5433311],[103.2297134,14.5408335],[103.227478,14.5380545],[103.2280426,14.5294437],[103.2344208,14.5177755],[103.2369232,14.5016651],[103.2488709,14.4774971],[103.2569427,14.4541655],[103.2577667,14.4413872],[103.2561035,14.4249992],[103.2544403,14.4216652],[103.2416534,14.4108315],[103.2408066,14.4072208],[103.243042,14.3961105],[103.2488709,14.3886108],[103.2397003,14.3738861],[103.2385864,14.3655529],[103.2388763,14.348608],[103.242675,14.337482],[103.2463084,14.3381735],[103.2590807,14.3474838],[103.2663661,14.3497046],[103.2816272,14.348305],[103.315706,14.356693],[103.3251167,14.3520078],[103.3330385,14.3513632],[103.3362975,14.3589772],[103.3394601,14.3601981],[103.3418182,14.3602372],[103.3481839,14.3541807],[103.352885,14.3526939],[103.3673741,14.352097],[103.3799085,14.3523909],[103.392159,14.3572376],[103.401994,14.3577922],[103.3989845,14.3663111],[103.3991927,14.3695529],[103.4119802,14.3715812],[103.4173936,14.3813374],[103.4360404,14.3908921],[103.4381647,14.3892351],[103.4394159,14.3791087],[103.4460988,14.3821468],[103.4473285,14.3745193],[103.4511453,14.3683144],[103.4592309,14.3674971],[103.4676658,14.3647012],[103.4706728,14.3685373],[103.4723568,14.3759296],[103.4804171,14.3794015],[103.4828011,14.3875134],[103.4922947,14.3858511],[103.496861,14.3898754],[103.4960215,14.402685],[103.4981701,14.4121251],[103.5236878,14.4177411],[103.5365672,14.4257836],[103.5491926,14.4274682],[103.5575721,14.4319217],[103.5676284,14.4326338],[103.5737599,14.4312122],[103.5781681,14.4335122],[103.5916818,14.4291324],[103.5979922,14.4233046],[103.6063044,14.4218669],[103.6103705,14.4252501],[103.611612,14.4162915],[103.615494,14.4081586],[103.6177348,14.4053074],[103.621449,14.4040545],[103.6419821,14.4146185],[103.6488195,14.4158136],[103.6544318,14.4132694],[103.6568352,14.4207949],[103.6510223,14.4237098],[103.6416373,14.4243633],[103.6414248,14.4254603],[103.6447711,14.4336603],[103.6500765,14.4348342],[103.6538604,14.4386343],[103.6595076,14.4398213],[103.6664177,14.4369633],[103.6756381,14.4366435],[103.6889022,14.4403696],[103.7069305,14.4328375],[103.7082039,14.4311258],[103.7072016,14.412623],[103.7028983,14.4090705],[103.7025681,14.3987025],[103.7002694,14.3918762],[103.7058216,14.3816489],[103.710619,14.3798118],[103.7247293,14.3813154],[103.7315905,14.3857309],[103.7393932,14.3784888],[103.7462702,14.3779513],[103.7490099,14.3733216],[103.7520714,14.371766],[103.7588886,14.377828],[103.7690351,14.3670942],[103.7743789,14.3649353],[103.7746682,14.3607615],[103.7798367,14.3615464],[103.7846876,14.3661151],[103.7950369,14.3667646],[103.8023226,14.3696819],[103.80421,14.3649816],[103.8028643,14.3566908],[103.8083563,14.3551048],[103.818974,14.3555196],[103.8243381,14.3531642],[103.8296624,14.3532244],[103.830756,14.3537824],[103.8282123,14.357917],[103.8329177,14.3675893],[103.8372375,14.3711418],[103.8421659,14.3715717],[103.8610604,14.3666268],[103.8623608,14.364955],[103.8604707,14.3576381],[103.8684444,14.3544422],[103.8724236,14.3464391],[103.8756893,14.3461438],[103.8817087,14.3380214],[103.8842307,14.3394933],[103.8854276,14.3434416],[103.8930577,14.3428931],[103.900419,14.3452326],[103.9014411,14.3439784],[103.8997684,14.3380019],[103.9008455,14.3373322],[103.908154,14.338374],[103.9136935,14.3359788],[103.9226473,14.3364581],[103.9298006,14.3320539],[103.9380973,14.3319544],[103.9421816,14.3302335],[103.9472992,14.3324746],[103.9457534,14.3412753],[103.9499373,14.3504122],[103.9713883,14.349687],[103.9795289,14.3545294],[103.9828411,14.3541628],[103.9885013,14.3459274],[103.9907222,14.3468974],[103.9956713,14.345394],[103.9992656,14.3518042],[104.0069847,14.3567773],[104.0102784,14.3551378],[104.0108355,14.3475811],[104.0159614,14.3422086],[104.0279811,14.340415],[104.0282735,14.3374588],[104.032902,14.340217],[104.0461597,14.3410979],[104.0444336,14.3569412],[104.0455322,14.3747196],[104.0538635,14.3991661],[104.0597076,14.4222202],[104.0630264,14.4463863],[104.0566406,14.4841633],[104.0533066,14.4902744],[104.0447083,14.5002766],[104.0416565,14.5149994],[104.043869,14.5452766],[104.0566406,14.5747204],[104.0674896,14.6155529],[104.0680466,14.6294422],[104.0660934,14.6408329],[104.0583191,14.6636105],[104.0444336,14.683054],[104.0102692,14.7219429],[104.0066528,14.7286091],[104.0055466,14.7366638],[104.0063782,14.744997],[104.0091629,14.7522221],[104.0102692,14.7777767],[104.0080414,14.7894421],[104.0,14.8038864],[103.9922028,14.8105555],[103.9702606,14.8124981],[103.9322128,14.8305531],[103.9172134,14.8438873],[103.9149933,14.8508301],[103.9163818,14.8586082],[103.92276,14.8666649],[103.9272003,14.8769417],[103.9313736,14.8961105],[103.9416504,14.9186096],[103.9527664,14.9355555],[103.9716492,14.953886],[103.9749908,14.9602757],[103.9755402,14.9680538],[103.9788666,14.97472],[103.9924774,14.9836082],[103.9991531,14.9916649],[104.000267,14.9952745],[103.9991531,15.0077763],[104.0061035,15.0147209],[104.0149994,15.0199986],[104.0202637,15.0291653],[104.0191498,15.0408335],[104.0152664,15.0458317],[104.0144272,15.0497208],[104.0177612,15.0599976],[104.0138931,15.0658321],[104.0019379,15.076664],[103.9958191,15.0897198],[103.9924774,15.1127758],[103.9952469,15.1411095],[103.9902573,15.1458321],[103.9744263,15.1538868],[103.9705429,15.1591644],[103.9694366,15.1669426],[103.9727631,15.1777763],[103.9783173,15.1866646],[103.9799805,15.1938877],[103.9763794,15.2083321],[103.9888763,15.2197189],[103.9919281,15.2352753],[103.9899673,15.2422199],[103.9816589,15.2480526],[103.977478,15.2530537],[103.9758072,15.2563877],[103.9766464,15.2641659],[103.9791565,15.2658329],[103.9908066,15.2658329],[103.996933,15.2697201],[104.0005493,15.2802773],[104.0108185,15.2838879],[104.0152664,15.288332],[104.0144272,15.3005543],[104.0163879,15.3033314],[104.027771,15.3061085],[104.0288696,15.3174973],[104.0324936,15.3227749],[104.0433197,15.33111],[104.0638733,15.3380527],[104.0727692,15.3430538],[104.0788727,15.351387],[104.0796738,15.3577805],[104.0744324,15.3605537],[104.0683289,15.3669415],[104.0655365,15.3722191],[104.0633087,15.3863869],[104.0449829,15.4008312],[104.0333328,15.4055538],[104.0166626,15.4094429],[104.0052567,15.4080544],[103.9908066,15.4027767],[103.9828186,15.4033546],[103.9799805,15.4044437],[103.9741516,15.4108315],[103.9736023,15.4224987],[103.9713669,15.4244423],[103.949707,15.4172211],[103.9385834,15.4183311],[103.9347076,15.4230537],[103.9344177,15.4266644],[103.9377594,15.4355555],[103.9371872,15.4391651],[103.9347076,15.4408321],[103.9163818,15.434164],[103.9088669,15.4349976],[103.9005432,15.4388866],[103.8933334,15.4480534],[103.8913727,15.4622192],[103.8886032,15.4677753],[103.8861084,15.4694424],[103.8838806,15.4694424],[103.8799667,15.4608307],[103.8738709,15.4622192],[103.8630371,15.4563866],[103.8588715,15.4563866],[103.8566437,15.4583321],[103.8558197,15.4616642],[103.8297119,15.4586086],[103.824707,15.4555531],[103.8225327,15.4491272],[103.8022003,15.4449978],[103.7752686,15.4349976],[103.762207,15.434164],[103.734993,15.4399986],[103.7191467,15.4363861],[103.6994171,15.4419422],[103.6605377,15.4452763],[103.6399765,15.4488869],[103.6258087,15.454998],[103.6208191,15.4591637],[103.6077576,15.4652748],[103.5997162,15.4661083],[103.5744324,15.4633312],[103.5646973,15.4597206],[103.5391464,15.4386101],[103.5294266,15.4338865],[103.5224915,15.4333324],[103.5138931,15.4349976],[103.5047073,15.4408321],[103.4938736,15.4444427],[103.4722137,15.4469433],[103.4594269,15.4472198],[103.4505463,15.4458313],[103.4380264,15.4402752],[103.4047897,15.4368992]]]}},{"type":"Feature","properties":{"shapeName":"Nakhon Ratchasima Province"},"geometry":{"type":"Polygon","coordinates":[[[101.4097595,15.0],[101.4235992,14.9719429],[101.430542,14.9644432],[101.4391479,14.9499989],[101.4424667,14.9349976],[101.4505463,14.9208317],[101.4544373,14.9013882],[101.4552612,14.8766632],[101.4516602,14.8661079],[101.4441376,14.8591633],[101.4255371,14.8499985],[101.4066467,14.8363857],[101.3997192,14.8333321],[101.3927612,14.8322201],[101.3869324,14.828331],[101.3774719,14.8186092],[101.3577576,14.811388],[101.3458328,14.8047199],[101.3388824,14.7927761],[101.3377686,14.7752762],[101.33638,14.7722206],[101.3266602,14.7633324],[101.310257,14.7569427],[101.2960968,14.7422199],[101.2880402,14.74333],[101.2847137,14.7416649],[101.281662,14.7311096],[101.2791595,14.7288857],[101.2744293,14.7286091],[101.2649994,14.7336082],[101.2466431,14.7391644],[101.2330475,14.7394409],[101.2269287,14.7424955],[101.2197113,14.7494411],[101.2130432,14.7524986],[101.1993482,14.7557989],[101.1967751,14.7541642],[101.1984346,14.7507204],[101.1974408,14.7491162],[101.1941156,14.7511214],[101.19199,14.748807],[101.1885625,14.7489242],[101.1883844,14.7454919],[101.1939493,14.7405784],[101.1924722,14.7353366],[101.1906145,14.7336923],[101.1940302,14.7314928],[101.1906211,14.7255163],[101.1910608,14.7239737],[101.1875094,14.7254464],[101.1850537,14.7219229],[101.1874746,14.7203766],[101.1892822,14.7146969],[101.1864905,14.7113724],[101.1911324,14.7091655],[101.191582,14.7065911],[101.1952007,14.7053794],[101.1937493,14.7038682],[101.1961756,14.7026039],[101.1949581,14.7014679],[101.1967489,14.6998859],[101.1961651,14.6959059],[101.1988874,14.6946507],[101.1984612,14.6921186],[101.2011999,14.6881183],[101.2008249,14.6845279],[101.2039128,14.6832478],[101.2011795,14.6798577],[101.2020234,14.675554],[101.2007345,14.6748332],[101.1994515,14.6693321],[101.2005185,14.6658489],[101.1990347,14.6638779],[101.2010914,14.6641292],[101.2026484,14.6625577],[101.2025388,14.6600135],[101.2049105,14.6559474],[101.2054109,14.6530463],[101.2035638,14.652161],[101.2063424,14.648074],[101.2045199,14.644633],[101.2054671,14.63924],[101.2068795,14.6388573],[101.2065006,14.6348173],[101.2083352,14.6327435],[101.2080741,14.6299861],[101.2059775,14.6296254],[101.2068309,14.6285339],[101.2051706,14.627589],[101.2055924,14.6245754],[101.2039148,14.623608],[101.2045551,14.6155764],[101.2079263,14.6130798],[101.2043441,14.6083315],[101.2105233,14.5993071],[101.208487,14.5953507],[101.2115141,14.5954],[101.2113261,14.593077],[101.2149602,14.5915573],[101.2155945,14.5893062],[101.2149635,14.5865777],[101.2091819,14.5840056],[101.2082597,14.5806573],[101.2071554,14.5813546],[101.2050604,14.5799827],[101.206615,14.577091],[101.2027421,14.5737862],[101.2029692,14.5713265],[101.1955338,14.5658321],[101.1866531,14.5508308],[101.1849823,14.5436096],[101.1896973,14.5347214],[101.2091522,14.521944],[101.2172089,14.5066662],[101.2255402,14.496109],[101.2427979,14.4797459],[101.2519379,14.4786091],[101.2591629,14.4722195],[101.2636108,14.4727755],[101.2655487,14.4758301],[101.2641602,14.494997],[101.2705383,14.5030537],[101.2774811,14.5061092],[101.2833328,14.5027771],[101.2883072,14.494442],[101.2919312,14.492775],[101.3035889,14.4947205],[101.3110962,14.4919415],[101.3133087,14.4899979],[101.3152618,14.4830532],[101.3222198,14.4761086],[101.3449936,14.4605541],[101.3719177,14.4458313],[101.3791504,14.4391651],[101.3822021,14.433054],[101.3874969,14.4288864],[101.4092331,14.4248333],[101.4199829,14.4255543],[101.4363709,14.4227753],[101.4441376,14.4247208],[101.4458237,14.4269428],[101.4460907,14.4316654],[101.442749,14.4416656],[101.4455338,14.4474983],[101.4591522,14.4577751],[101.4741516,14.4613876],[101.4830475,14.4616642],[101.4908066,14.4594421],[101.4960938,14.4552755],[101.5033264,14.4438877],[101.5138931,14.4358311],[101.5413666,14.4258308],[101.5494232,14.4261093],[101.555542,14.4297199],[101.5660934,14.433054],[101.574707,14.4316654],[101.6008072,14.4383316],[101.6322021,14.4266644],[101.6363831,14.4130545],[101.6430511,14.4094429],[101.6519318,14.4088879],[101.6547089,14.4069424],[101.6658173,14.3905544],[101.6858063,14.3774967],[101.7138824,14.3547192],[101.7335968,14.3280544],[101.7455292,14.3166656],[101.7510986,14.3133316],[101.7569427,14.3166656],[101.7605362,14.3230534],[101.7591629,14.3394413],[101.7636108,14.348608],[101.7774811,14.348053],[101.7841492,14.350275],[101.7874908,14.3519421],[101.793869,14.3594418],[101.8044281,14.3633308],[101.8085938,14.3627758],[101.8205414,14.3558311],[101.8249969,14.3547192],[101.8416595,14.3611088],[101.8585968,14.3624973],[101.8697128,14.3652744],[101.8763733,14.3724976],[101.8827515,14.3891659],[101.8866577,14.3949986],[101.8905487,14.3958321],[101.8969421,14.3933315],[101.9174805,14.3669415],[101.9241486,14.3599968],[101.9280396,14.3588867],[101.9319305,14.3586082],[101.9405365,14.3644428],[101.9524765,14.3805523],[101.9552612,14.3822193],[101.9594269,14.3811092],[101.9727631,14.371109],[101.9822083,14.3666649],[101.985527,14.3605537],[101.9863663,14.3524971],[101.9830475,14.3419418],[101.9691467,14.3180542],[101.9608231,14.3077745],[101.9533234,14.3013878],[101.947197,14.288332],[101.9494171,14.2772217],[101.9583282,14.2677755],[101.9602737,14.2561092],[101.9621964,14.2530537],[101.9705429,14.2474976],[101.9897003,14.2297192],[102.0105362,14.2174969],[102.0233231,14.2069416],[102.0352631,14.2008305],[102.0458221,14.1924973],[102.0658112,14.1702766],[102.0791626,14.1602764],[102.0899811,14.1572208],[102.1197128,14.1438885],[102.144989,14.1358318],[102.1658173,14.1372204],[102.1710968,14.1416664],[102.1722107,14.1449986],[102.17276,14.1494427],[102.1691437,14.163887],[102.1710968,14.1713867],[102.1841431,14.1861095],[102.1955338,14.1880531],[102.2210999,14.1669426],[102.2227631,14.163887],[102.2213669,14.1486092],[102.2244263,14.1422215],[102.2305527,14.1388874],[102.23526,14.1383324],[102.2574921,14.1388874],[102.2730408,14.1413879],[102.2772064,14.1405544],[102.2794266,14.1380539],[102.2797089,14.1302757],[102.2819366,14.1274967],[102.2905426,14.1266632],[102.3027573,14.1277752],[102.3105316,14.1341648],[102.3146973,14.14361],[102.3199921,14.1477776],[102.3408203,14.1488876],[102.359993,14.1572208],[102.364151,14.1580544],[102.3866577,14.1466656],[102.3938828,14.1449986],[102.4063721,14.1461105],[102.4152679,14.1558323],[102.4274673,14.1572208],[102.4369202,14.1527767],[102.4491425,14.1413879],[102.4602737,14.1383324],[102.4808197,14.145277],[102.4927521,14.1438885],[102.5008163,14.1330528],[102.5013886,14.1258297],[102.4985962,14.117775],[102.4997101,14.1052761],[102.5044403,14.0922203],[102.5088806,14.0872192],[102.5224915,14.0866642],[102.5463715,14.0902748],[102.5497131,14.0916653],[102.5541534,14.096386],[102.5533066,14.09972],[102.5377731,14.1038857],[102.5349884,14.1063862],[102.5388794,14.1208305],[102.5452576,14.1233311],[102.5580292,14.1247196],[102.5674896,14.1280537],[102.5763931,14.1336098],[102.5874863,14.1461105],[102.5941467,14.1486092],[102.5949936,14.1533318],[102.5841522,14.1924973],[102.5830536,14.203886],[102.5922089,14.228054],[102.6041565,14.2494411],[102.6172028,14.26861],[102.6205292,14.2794437],[102.6174774,14.2861099],[102.5977631,14.2949982],[102.5919266,14.3024979],[102.5949936,14.3455524],[102.5880432,14.3572197],[102.5774765,14.3647194],[102.5738831,14.3708305],[102.5738831,14.3749981],[102.5822067,14.4044437],[102.574707,14.4286098],[102.5658112,14.4466648],[102.5594177,14.4547195],[102.5394287,14.4719429],[102.512207,14.4916649],[102.5019379,14.4955521],[102.4983215,14.5008316],[102.4924774,14.5311108],[102.4838715,14.5588865],[102.4844208,14.5722198],[102.4985962,14.6052761],[102.5016632,14.6161079],[102.5052567,14.6222191],[102.5116577,14.64361],[102.5113831,14.6477776],[102.5097198,14.6552773],[102.4935913,14.6802769],[102.4874878,14.6930542],[102.4808197,14.7180538],[102.4841537,14.7424955],[102.4816589,14.7536106],[102.4580383,14.7819424],[102.4435883,14.8074989],[102.4355316,14.8494415],[102.4369202,14.8577747],[102.4405365,14.8566647],[102.446373,14.848608],[102.4547119,14.8427753],[102.4641571,14.8386097],[102.4833221,14.8333321],[102.4958191,14.8138866],[102.5036011,14.8077745],[102.5344162,14.8061085],[102.5677567,14.8141651],[102.578598,14.8224983],[102.5783234,14.8308315],[102.5727692,14.8433304],[102.5530396,14.8741646],[102.5499878,14.8808308],[102.5466537,14.8949986],[102.548027,14.9038868],[102.5577469,14.9222202],[102.5608063,14.933054],[102.560257,14.9372196],[102.5211029,14.9591637],[102.5194397,14.9624977],[102.5205383,14.9655533],[102.5258179,14.9694424],[102.5433197,14.9666653],[102.5755463,14.9563866],[102.5913696,14.9474983],[102.6049805,14.9424973],[102.6246872,14.9386101],[102.6722107,14.9413872],[102.6908112,14.9458313],[102.7072067,14.9524965],[102.7410889,14.97472],[102.7513886,14.9824982],[102.7608185,14.9922199],[102.7649994,15.0016651],[102.7658234,15.0233326],[102.7697067,15.0286102],[102.7797089,15.0374985],[102.786377,15.0494423],[102.7847137,15.056942],[102.7763824,15.0672207],[102.7772064,15.0719433],[102.7944336,15.0869427],[102.8291626,15.1313858],[102.8533173,15.1538868],[102.8591537,15.1577759],[102.887207,15.166666],[102.89888,15.1736088],[102.9180527,15.1822205],[102.926651,15.1822205],[102.9344177,15.1763878],[102.9419327,15.1747208],[102.9644318,15.1802769],[102.9808197,15.1866646],[102.9833221,15.1888866],[102.9863663,15.1952763],[102.9866486,15.1997204],[102.9797134,15.2069416],[102.9755402,15.2166653],[102.9758072,15.2497196],[102.9722137,15.2638874],[102.9797134,15.2841644],[102.9788666,15.2924976],[102.9755402,15.2980537],[102.973877,15.3061085],[102.9727631,15.3261089],[102.973877,15.3347206],[102.9808197,15.3419418],[102.9877625,15.3444424],[102.9958191,15.3449974],[103.0016632,15.3488855],[103.0013886,15.3572197],[102.9974823,15.3627758],[102.9913635,15.3658314],[102.9658203,15.369442],[102.9588776,15.3724976],[102.951828,15.3803463],[102.9544373,15.3858318],[102.953598,15.4016647],[102.9569397,15.4063873],[102.9694366,15.4033318],[102.9711533,15.4136772],[102.9736023,15.4194431],[102.9777527,15.4237289],[102.9810867,15.4202766],[102.9846268,15.4247885],[102.9875488,15.4245224],[102.9936371,15.4181747],[103.0,15.4277763],[103.0055466,15.4305534],[103.0097198,15.434721],[103.0130463,15.4355555],[103.0166473,15.439867],[103.0195618,15.4393368],[103.0188828,15.4449978],[103.0124969,15.4574986],[103.0016632,15.4702759],[102.9880371,15.475275],[102.9647064,15.4711094],[102.9577637,15.473608],[102.9588776,15.4819412],[102.9577637,15.4855537],[102.9549866,15.4874973],[102.9505463,15.4863853],[102.947197,15.4877758],[102.9441376,15.4938869],[102.9444275,15.5016651],[102.942749,15.5044441],[102.9347076,15.5047207],[102.9222107,15.5116653],[102.9147034,15.5133324],[102.9022064,15.5119438],[102.8947067,15.5144444],[102.8841629,15.5111103],[102.8783112,15.5072212],[102.8663788,15.5058327],[102.8513794,15.5111103],[102.8430481,15.5099983],[102.8371964,15.5069427],[102.8330536,15.5074997],[102.8274765,15.5113888],[102.8119202,15.5280552],[102.8088684,15.5341644],[102.798027,15.5469437],[102.7958221,15.5624981],[102.7960968,15.5838871],[102.7924805,15.5988855],[102.7852631,15.6097202],[102.7827606,15.621109],[102.7890472,15.6393738],[102.7755432,15.6502762],[102.7688828,15.6536102],[102.7569427,15.664999],[102.7527771,15.6658335],[102.7341537,15.66222],[102.7297134,15.6627769],[102.723877,15.666666],[102.7160873,15.6816654],[102.7088776,15.6883316],[102.7016602,15.6999989],[102.7013931,15.7041655],[102.7052612,15.7141647],[102.7038727,15.7174969],[102.7005463,15.7194424],[102.6916504,15.7199974],[102.676651,15.7119427],[102.6583328,15.7074986],[102.6444397,15.7094421],[102.6291504,15.7169418],[102.6177521,15.7205524],[102.6138763,15.7197189],[102.6022034,15.7083321],[102.5924835,15.7030535],[102.5749969,15.7030535],[102.5711136,15.7019424],[102.5577469,15.7024965],[102.5510864,15.7058315],[102.5427628,15.706665],[102.5355377,15.7091637],[102.5155487,15.7180538],[102.5111084,15.7177753],[102.4894333,15.7111092],[102.4608231,15.7086086],[102.4333191,15.6933308],[102.4255371,15.6927757],[102.4130402,15.703886],[102.402771,15.7169418],[102.3936005,15.7258301],[102.3902664,15.7274971],[102.3733063,15.7294426],[102.3705292,15.7319412],[102.3691406,15.7397194],[102.3713684,15.7561092],[102.3697128,15.7638874],[102.3483276,15.7802773],[102.3380432,15.7969437],[102.3347321,15.8055267],[102.3316727,15.8049984],[102.3227692,15.808609],[102.3188782,15.808054],[102.3144226,15.8005543],[102.3080292,15.7947216],[102.2913666,15.7863855],[102.2672119,15.7813873],[102.2647095,15.7797203],[102.2588806,15.769165],[102.2563782,15.7558327],[102.2516632,15.7519436],[102.243042,15.7480526],[102.2388763,15.7480526],[102.2299805,15.7516651],[102.2224884,15.7504616],[102.2149506,15.757431],[102.209259,15.7456951],[102.2002716,15.7422199],[102.1930389,15.7419415],[102.1905365,15.74333],[102.1874771,15.7486076],[102.1841431,15.7494411],[102.1733093,15.7436085],[102.1666565,15.7419415],[102.1616516,15.7347202],[102.161377,15.7311096],[102.1635971,15.7249985],[102.1594162,15.7211094],[102.1566467,15.7116642],[102.1466522,15.6974983],[102.1469421,15.6866646],[102.1427612,15.6749992],[102.1388931,15.6705532],[102.1361084,15.6691647],[102.1322021,15.6697197],[102.1285934,15.6611099],[102.1288605,15.6538868],[102.1266479,15.6519432],[102.1230316,15.6513882],[102.1210938,15.645277],[102.1152573,15.6388874],[102.1136017,15.6333332],[102.1110992,15.6316643],[102.0991516,15.6269417],[102.0952606,15.6266632],[102.0880432,15.621109],[102.0816727,15.619997],[102.0749969,15.6336098],[102.0727692,15.6355553],[102.0697174,15.6366653],[102.0588684,15.6349983],[102.0522003,15.6363869],[102.0447083,15.6411095],[102.0345306,15.650919],[102.0258179,15.6319408],[102.0041733,15.5927753],[101.9952469,15.5830536],[101.9749908,15.5755539],[101.9641571,15.5674973],[101.9555511,15.5527763],[101.9505463,15.5347214],[101.9549866,15.5116653],[101.9633179,15.4924955],[101.9658203,15.4813862],[101.9627686,15.4705524],[101.9597168,15.4683304],[101.9299774,15.4574986],[101.9183197,15.4499989],[101.9085999,15.4411087],[101.8999863,15.4305534],[101.8913727,15.4111099],[101.8888931,15.395277],[101.8852692,15.3847218],[101.8783112,15.3772202],[101.8705292,15.3761082],[101.8624878,15.3777752],[101.8519287,15.3852768],[101.8449936,15.3883324],[101.8322067,15.3899994],[101.8130264,15.3866653],[101.7691498,15.3661079],[101.7188721,15.3372192],[101.7149963,15.3366642],[101.6855316,15.3233318],[101.6555481,15.3169422],[101.6380463,15.3105555],[101.6274719,15.3027763],[101.5947113,15.2705536],[101.5805511,15.2611103],[101.5655365,15.2533321],[101.547493,15.247776],[101.5061035,15.2386093],[101.4780426,15.2297192],[101.4511032,15.2238855],[101.4277573,15.2152748],[101.4063721,15.2133312],[101.3974915,15.2174969],[101.391098,15.2261086],[101.3799667,15.2552776],[101.3649902,15.2736092],[101.3449936,15.2863855],[101.3272095,15.2924976],[101.3152618,15.2947216],[101.3001938,15.3019714],[101.3027573,15.289999],[101.301651,15.2816658],[101.2930527,15.266943],[101.281662,15.2530537],[101.2785873,15.244442],[101.2783203,15.2141647],[101.2813721,15.1944427],[101.2838669,15.1505547],[101.2819366,15.1405544],[101.2744293,15.1247196],[101.2746964,15.0916653],[101.2772064,15.0888863],[101.2841492,15.0858307],[101.2922134,15.0847206],[101.3041534,15.0872192],[101.3116531,15.0869427],[101.336647,15.0697193],[101.3480377,15.0655537],[101.3588715,15.0630531],[101.3755264,15.0649986],[101.3785934,15.0638866],[101.3980408,15.0402756],[101.3999863,15.0338879],[101.3997192,15.0205536],[101.4013824,15.0138874],[101.4097595,15.0]]]}},{"type":"Feature","properties":{"shapeName":"Chaiyaphum Province"},"geometry":{"type":"Polygon","coordinates":[[[102.3347321,15.8055267],[102.336113,15.8119431],[102.3302765,15.8347206],[102.3313828,15.8536091],[102.3333282,15.8597202],[102.3410873,15.8722191],[102.3460999,15.8755531],[102.3544312,15.8916664],[102.360527,15.8977776],[102.3633118,15.9030533],[102.3685913,15.9180546],[102.3683167,15.9252758],[102.3658066,15.9308319],[102.3733063,15.9399986],[102.3771973,15.9480534],[102.3755264,15.9586086],[102.3777618,15.9683304],[102.3810883,15.973053],[102.394043,15.9829025],[102.3927612,15.9911079],[102.3905487,15.9936085],[102.3741531,15.9963856],[102.3683167,16.0002747],[102.3597107,16.0099983],[102.3430481,16.0216637],[102.3224869,16.0302773],[102.2969437,16.0383301],[102.2797089,16.0488853],[102.2694397,16.0574989],[102.2636108,16.0655518],[102.2638931,16.0697174],[102.2683334,16.0747185],[102.2927628,16.0916634],[102.3277664,16.1269417],[102.3394318,16.1436081],[102.348877,16.1666641],[102.3755264,16.1963844],[102.3883209,16.217495],[102.4005432,16.2324944],[102.4105377,16.2505531],[102.4138794,16.2613869],[102.4130402,16.2661095],[102.4155426,16.2777748],[102.4238663,16.3019409],[102.4327469,16.3208313],[102.4424667,16.3355522],[102.4502716,16.3508301],[102.4608231,16.3922195],[102.46138,16.3966637],[102.4583282,16.4027748],[102.453598,16.4069405],[102.4366531,16.4144402],[102.4299774,16.4216614],[102.4194336,16.4261055],[102.4141464,16.4344406],[102.4122009,16.446106],[102.4125671,16.4604912],[102.4091654,16.4625154],[102.4071139,16.4626706],[102.407355,16.4605796],[102.4048179,16.4599618],[102.4029433,16.4621172],[102.3978855,16.4563716],[102.4008504,16.4547209],[102.401265,16.4515304],[102.3989839,16.4465561],[102.3971521,16.445699],[102.3947256,16.4469997],[102.3942466,16.4457608],[102.3925782,16.447006],[102.3930094,16.4452364],[102.3915987,16.4453616],[102.3905796,16.4428791],[102.3848643,16.4452],[102.3838749,16.4417986],[102.3824544,16.445181],[102.3818961,16.4428854],[102.3774081,16.4400813],[102.3777368,16.4383402],[102.3757415,16.438177],[102.3765921,16.4353997],[102.3749668,16.434785],[102.370649,16.4389781],[102.365405,16.438171],[102.3667809,16.4417715],[102.3659212,16.4464921],[102.3684347,16.4473994],[102.364279,16.4494606],[102.3659072,16.4509863],[102.3651667,16.4529713],[102.3622654,16.4527203],[102.3626718,16.4502067],[102.359329,16.4501708],[102.3579134,16.4478274],[102.356374,16.4505898],[102.35522,16.449129],[102.353482,16.4513358],[102.3520618,16.4504957],[102.3499033,16.4520482],[102.3482541,16.4502111],[102.3460396,16.451645],[102.3447968,16.450816],[102.3455093,16.4496667],[102.3422693,16.4488176],[102.3432924,16.4462053],[102.3410919,16.4475496],[102.3407065,16.4458289],[102.3392745,16.4457841],[102.3359831,16.4478654],[102.3357215,16.4446191],[102.3344624,16.4465884],[102.3324277,16.4448476],[102.3320259,16.4472247],[102.329447,16.4455153],[102.330608,16.4492702],[102.3290709,16.4504374],[102.3294774,16.4483427],[102.328251,16.4483942],[102.3277557,16.4464764],[102.3247501,16.44762],[102.3251895,16.4460564],[102.3236236,16.4452564],[102.3218941,16.4480636],[102.3212896,16.4460295],[102.3191489,16.4457712],[102.3199863,16.4476153],[102.3179315,16.4490505],[102.3195899,16.4523155],[102.3182073,16.4518656],[102.3182255,16.4557991],[102.3170676,16.4558672],[102.3134799,16.4534276],[102.3111426,16.4547599],[102.3117737,16.4504838],[102.3069802,16.4512948],[102.3045788,16.448165],[102.300916,16.4482121],[102.3005983,16.4450172],[102.2962884,16.4473517],[102.2951578,16.4458529],[102.2925695,16.4465282],[102.2931796,16.4487047],[102.291302,16.4487228],[102.2893219,16.4541252],[102.2887871,16.4530738],[102.287706,16.4547072],[102.287247,16.4532302],[102.2831124,16.4549291],[102.2844742,16.455784],[102.2830993,16.4581974],[102.279894,16.4589254],[102.2780943,16.4568367],[102.2774532,16.4587479],[102.278856,16.4604508],[102.2766942,16.4605202],[102.2771555,16.4590103],[102.2755549,16.457567],[102.2765687,16.4558744],[102.2739616,16.457832],[102.2734198,16.4560185],[102.271207,16.4568236],[102.270802,16.4582333],[102.2692356,16.4556146],[102.2680742,16.4574847],[102.2669852,16.4568596],[102.2678435,16.4588429],[102.2658345,16.4593368],[102.2666768,16.4602782],[102.2645954,16.4618679],[102.2593356,16.4614795],[102.2591076,16.4598641],[102.2556904,16.4609187],[102.2569499,16.4666713],[102.253591,16.466413],[102.2507898,16.4684483],[102.249189,16.4677153],[102.2440663,16.4694477],[102.244297,16.4729612],[102.2420144,16.4741675],[102.2426126,16.4772772],[102.2404507,16.4787458],[102.2421749,16.4799078],[102.2390689,16.4829376],[102.2344689,16.4864329],[102.2315131,16.4839818],[102.2281228,16.4841104],[102.2287451,16.4866695],[102.2170265,16.4935956],[102.2179787,16.4977928],[102.2123916,16.499017],[102.214355,16.5012981],[102.2126599,16.5015836],[102.2091033,16.4978648],[102.206649,16.4980757],[102.2041599,16.5000714],[102.2060241,16.5024374],[102.2038139,16.5043687],[102.2004907,16.5031472],[102.1982698,16.5043353],[102.1979131,16.5017482],[102.196057,16.5019719],[102.1961187,16.4999274],[102.1950136,16.4994156],[102.1955635,16.5006037],[102.1937288,16.501581],[102.1943565,16.4990581],[102.1922429,16.4986646],[102.1892013,16.5013753],[102.1906577,16.5013135],[102.1907569,16.5031857],[102.185405,16.5045899],[102.1843107,16.5036204],[102.1832271,16.5046208],[102.1842597,16.5054771],[102.1824224,16.5062923],[102.180164,16.5048085],[102.180577,16.5017893],[102.1820254,16.5010846],[102.17764,16.4997525],[102.1767924,16.4945986],[102.1750731,16.4942231],[102.1729837,16.4960568],[102.1743543,16.4937216],[102.173188,16.4937257],[102.172724,16.4916245],[102.1700123,16.4955672],[102.1707124,16.4972697],[102.1693391,16.4957806],[102.1670726,16.4965367],[102.1672979,16.4984707],[102.1657154,16.4965882],[102.1655169,16.4979461],[102.1634275,16.4975423],[102.1659756,16.4998775],[102.1649376,16.501598],[102.1625155,16.5005101],[102.1625745,16.501742],[102.1607265,16.5013562],[102.1573228,16.4982547],[102.1584895,16.5032824],[102.1503562,16.5012018],[102.1497309,16.498759],[102.1485395,16.4986906],[102.1461529,16.5005524],[102.1467959,16.4991585],[102.1448364,16.4987808],[102.144328,16.5015394],[102.141606,16.5031624],[102.140358,16.5026238],[102.1413747,16.502095],[102.1404419,16.4998384],[102.1384391,16.5000041],[102.1376868,16.4977426],[102.1373615,16.4990829],[102.1349851,16.4992048],[102.1340879,16.4957297],[102.132235,16.4972528],[102.1313836,16.4958369],[102.1268341,16.4962487],[102.1227041,16.4942806],[102.1142676,16.4970125],[102.1115252,16.4946096],[102.1055778,16.4978849],[102.1034632,16.4958476],[102.1008631,16.4962351],[102.099577,16.494188],[102.0941736,16.4985917],[102.0911796,16.4938005],[102.0870799,16.4948265],[102.0852246,16.4922116],[102.0823907,16.4924334],[102.0788578,16.496703],[102.0756503,16.494461],[102.0756478,16.4926576],[102.0726563,16.4954943],[102.068195,16.4935552],[102.0674045,16.4950418],[102.0716541,16.4978833],[102.0688431,16.4992017],[102.0716033,16.5018385],[102.0739873,16.5013292],[102.0727648,16.503247],[102.0691023,16.5013145],[102.0695293,16.5036905],[102.0659857,16.504175],[102.0650655,16.5057879],[102.0634373,16.5049849],[102.0633906,16.5066046],[102.0624057,16.5038855],[102.0604755,16.5032238],[102.059912,16.5077038],[102.0580185,16.5052402],[102.0561021,16.5059469],[102.0559166,16.5042167],[102.0524676,16.5061442],[102.0529505,16.5085494],[102.0491355,16.5063733],[102.0479384,16.5087419],[102.0457628,16.5085177],[102.0461517,16.5099969],[102.0442048,16.5100749],[102.0446852,16.5080962],[102.0427917,16.5083593],[102.0380617,16.5121364],[102.0377872,16.5143953],[102.0363334,16.5144977],[102.0361021,16.516547],[102.0314586,16.5210744],[102.0317883,16.5238066],[102.0300019,16.5247129],[102.0300845,16.5270286],[102.0339952,16.5317631],[102.0324496,16.5329071],[102.0323535,16.5411649],[102.0304161,16.5436664],[102.0290898,16.5422537],[102.0272063,16.546068],[102.0256356,16.545024],[102.0261927,16.5464263],[102.0239498,16.5482559],[102.0237337,16.55196],[102.0220257,16.5537945],[102.024946,16.5569178],[102.0229635,16.5571663],[102.0234846,16.5584965],[102.0212632,16.5574391],[102.0220282,16.5558629],[102.0189046,16.557807],[102.0190266,16.5597535],[102.0145418,16.5571447],[102.0152661,16.558478],[102.0110787,16.5580379],[102.0106138,16.5599],[102.0062752,16.5574855],[102.0049917,16.5598986],[102.0013356,16.5606014],[102.0009378,16.5618354],[102.0029343,16.5624578],[102.000058,16.5635147],[101.9980937,16.5624432],[101.9978726,16.5655456],[101.9973047,16.5630203],[101.9943879,16.5614785],[101.9949666,16.5642295],[101.992127,16.5655198],[101.990443,16.5642089],[101.9911508,16.5668865],[101.9894845,16.5667911],[101.9883118,16.5741653],[101.9772034,16.5858307],[101.9760895,16.6019402],[101.9716492,16.6163864],[101.9561005,16.6333313],[101.9394226,16.6358299],[101.918869,16.6330528],[101.9102631,16.6344414],[101.8621979,16.6547165],[101.8486023,16.658886],[101.8457768,16.6545793],[101.8447852,16.6553871],[101.8434394,16.6542372],[101.8400803,16.6545398],[101.8367899,16.6577079],[101.8266221,16.65775],[101.8255344,16.6569975],[101.8273774,16.6553529],[101.825279,16.6546161],[101.8240211,16.6521295],[101.8223484,16.6522031],[101.8226093,16.6500638],[101.8198902,16.6548056],[101.8183988,16.6530294],[101.8134357,16.6533083],[101.8091538,16.6505217],[101.8056052,16.6529768],[101.8060172,16.6490533],[101.8042512,16.6472481],[101.8003291,16.6495533],[101.7997907,16.6451667],[101.7951929,16.6451903],[101.7946684,16.6422694],[101.7912132,16.6396536],[101.7863627,16.6402378],[101.7853629,16.635972],[101.7826685,16.6345957],[101.780474,16.635143],[101.7764887,16.6326719],[101.7741816,16.6287375],[101.7743876,16.6365667],[101.7763267,16.6383931],[101.7743088,16.6398397],[101.777659,16.642229],[101.7769073,16.6442057],[101.779376,16.6456988],[101.7791007,16.646903],[101.7722463,16.6479721],[101.7728312,16.6523481],[101.7699276,16.6518613],[101.7700041,16.6536126],[101.7676541,16.6530646],[101.7648422,16.6554545],[101.7602631,16.6520434],[101.757793,16.6536978],[101.7537411,16.6522325],[101.7537221,16.65401],[101.7500307,16.6560898],[101.7521748,16.6615971],[101.749996,16.6640791],[101.7518053,16.6658548],[101.7503907,16.6680038],[101.7433167,16.6680527],[101.7371979,16.6641617],[101.7338715,16.6586075],[101.7288666,16.6541634],[101.7244263,16.6544418],[101.7127686,16.6624947],[101.6977463,16.6799965],[101.6921997,16.6838837],[101.6735992,16.6888847],[101.6597137,16.6888847],[101.6333313,16.6827736],[101.6285934,16.6833305],[101.6213684,16.6858292],[101.6158066,16.6897163],[101.6052628,16.7024956],[101.5986023,16.7049942],[101.5922089,16.7019386],[101.5849915,16.6949959],[101.5752716,16.6911049],[101.5574799,16.6713829],[101.5491486,16.6711082],[101.5416565,16.6736069],[101.5333328,16.6794395],[101.5219269,16.6824951],[101.5149994,16.6799965],[101.5102692,16.6755524],[101.5066528,16.6688843],[101.5058289,16.6563835],[101.5088806,16.6494408],[101.5172119,16.6397171],[101.5194397,16.6330528],[101.5180511,16.6249962],[101.516098,16.6219406],[101.5116577,16.617775],[101.5030518,16.617218],[101.500267,16.615551],[101.4960938,16.6097183],[101.4960938,16.5794411],[101.4949799,16.5758286],[101.4972076,16.5683289],[101.5124969,16.5555534],[101.5147095,16.5491638],[101.5102692,16.5433311],[101.4916534,16.533886],[101.4838715,16.5274963],[101.4688131,16.5197763],[101.4670313,16.5126399],[101.4685544,16.5040529],[101.4672141,16.5008984],[101.4677015,16.4978607],[101.4750126,16.4887473],[101.4745252,16.4772966],[101.4691637,16.4747259],[101.4639241,16.4638586],[101.4515411,16.4550611],[101.4500764,16.4457233],[101.4474053,16.4406824],[101.4277603,16.432005],[101.4250893,16.429443],[101.4246584,16.4249802],[101.4202642,16.424319],[101.4194887,16.418451],[101.4175931,16.416798],[101.4186271,16.4106405],[101.4126819,16.4122109],[101.4074889,16.4078056],[101.4043816,16.4024871],[101.400787,16.4013181],[101.4018837,16.3967592],[101.4074914,16.3945133],[101.4105933,16.388975],[101.408353,16.3793034],[101.3942642,16.3736913],[101.3932302,16.366003],[101.384097,16.360712],[101.3744202,16.348053],[101.3716431,16.3369408],[101.3683167,16.3024979],[101.3633118,16.2847214],[101.3569336,16.2722206],[101.3508072,16.2647209],[101.3449936,16.2602768],[101.3480377,16.2549973],[101.3577576,16.2461052],[101.3677521,16.2411041],[101.3685913,16.2374954],[101.3630371,16.2249947],[101.3510895,16.2133293],[101.3416595,16.1988831],[101.3483276,16.1822166],[101.3252716,16.0877762],[101.3224869,16.0624962],[101.3244324,16.0333328],[101.332489,16.0],[101.3405533,15.9811096],[101.3516464,15.9733315],[101.3794327,15.9674969],[101.3844299,15.9627762],[101.3863831,15.9563866],[101.3841629,15.9483318],[101.3746872,15.934721],[101.3708191,15.9244423],[101.3705292,15.9119434],[101.3733063,15.9049988],[101.3724823,15.8966656],[101.3708191,15.89361],[101.364151,15.8863869],[101.3397064,15.8688869],[101.3283234,15.8563862],[101.3252716,15.8461094],[101.3277664,15.808054],[101.3241577,15.7838879],[101.3194427,15.7741661],[101.3277664,15.7594433],[101.3313828,15.744997],[101.3347168,15.7391644],[101.359993,15.7177753],[101.3633118,15.7166653],[101.3763733,15.7177753],[101.3874969,15.7147198],[101.3922119,15.7094421],[101.3961029,15.6991653],[101.3961029,15.6869431],[101.3796997,15.6466656],[101.3688736,15.6058311],[101.3647003,15.5819416],[101.3636017,15.5611095],[101.3691406,15.5347214],[101.3699799,15.5183315],[101.3741531,15.4994411],[101.3755264,15.47472],[101.3749771,15.452776],[101.3719177,15.4358311],[101.3730316,15.4191647],[101.3719177,15.4063873],[101.3674774,15.396944],[101.3541565,15.3819408],[101.3486023,15.3736076],[101.3452606,15.3536091],[101.3371964,15.3383312],[101.328598,15.3274965],[101.3166733,15.3166656],[101.3024673,15.3072205],[101.3001938,15.3019714],[101.3152618,15.2947216],[101.3272095,15.2924976],[101.3449936,15.2863855],[101.3649902,15.2736092],[101.3799667,15.2552776],[101.391098,15.2261086],[101.3974915,15.2174969],[101.4063721,15.2133312],[101.4277573,15.2152748],[101.4511032,15.2238855],[101.4780426,15.2297192],[101.5061035,15.2386093],[101.547493,15.247776],[101.5655365,15.2533321],[101.5805511,15.2611103],[101.5947113,15.2705536],[101.6274719,15.3027763],[101.6380463,15.3105555],[101.6555481,15.3169422],[101.6855316,15.3233318],[101.7149963,15.3366642],[101.7188721,15.3372192],[101.7691498,15.3661079],[101.8130264,15.3866653],[101.8322067,15.3899994],[101.8449936,15.3883324],[101.8519287,15.3852768],[101.8624878,15.3777752],[101.8705292,15.3761082],[101.8783112,15.3772202],[101.8852692,15.3847218],[101.8888931,15.395277],[101.8913727,15.4111099],[101.8999863,15.4305534],[101.9085999,15.4411087],[101.9183197,15.4499989],[101.9299774,15.4574986],[101.9597168,15.4683304],[101.9627686,15.4705524],[101.9658203,15.4813862],[101.9633179,15.4924955],[101.9549866,15.5116653],[101.9505463,15.5347214],[101.9555511,15.5527763],[101.9641571,15.5674973],[101.9749908,15.5755539],[101.9952469,15.5830536],[102.0041733,15.5927753],[102.0258179,15.6319408],[102.0345306,15.650919],[102.0447083,15.6411095],[102.0522003,15.6363869],[102.0588684,15.6349983],[102.0697174,15.6366653],[102.0727692,15.6355553],[102.0749969,15.6336098],[102.0816727,15.619997],[102.0880432,15.621109],[102.0952606,15.6266632],[102.0991516,15.6269417],[102.1110992,15.6316643],[102.1136017,15.6333332],[102.1152573,15.6388874],[102.1210938,15.645277],[102.1230316,15.6513882],[102.1266479,15.6519432],[102.1288605,15.6538868],[102.1285934,15.6611099],[102.1322021,15.6697197],[102.1361084,15.6691647],[102.1388931,15.6705532],[102.1427612,15.6749992],[102.1469421,15.6866646],[102.1466522,15.6974983],[102.1566467,15.7116642],[102.1594162,15.7211094],[102.1635971,15.7249985],[102.161377,15.7311096],[102.1616516,15.7347202],[102.1666565,15.7419415],[102.1733093,15.7436085],[102.1841431,15.7494411],[102.1874771,15.7486076],[102.1905365,15.74333],[102.1930389,15.7419415],[102.2002716,15.7422199],[102.209259,15.7456951],[102.2149506,15.757431],[102.2224884,15.7504616],[102.2299805,15.7516651],[102.2388763,15.7480526],[102.243042,15.7480526],[102.2516632,15.7519436],[102.2563782,15.7558327],[102.2588806,15.769165],[102.2647095,15.7797203],[102.2672119,15.7813873],[102.2913666,15.7863855],[102.3080292,15.7947216],[102.3144226,15.8005543],[102.3188782,15.808054],[102.3227692,15.808609],[102.3316727,15.8049984],[102.3347321,15.8055267]]]}},{"type":"Feature","properties":{"shapeName":"Si Sa Ket Province"},"geometry":{"type":"Polygon","coordinates":[[[103.9828186,15.4033546],[103.9908066,15.4027767],[104.0052567,15.4080544],[104.0166626,15.4094429],[104.0333328,15.4055538],[104.0449829,15.4008312],[104.0633087,15.3863869],[104.0655365,15.3722191],[104.0683289,15.3669415],[104.0744324,15.3605537],[104.0796738,15.3577805],[104.0788727,15.351387],[104.0727692,15.3430538],[104.0638733,15.3380527],[104.0433197,15.33111],[104.0324936,15.3227749],[104.0288696,15.3174973],[104.027771,15.3061085],[104.0163879,15.3033314],[104.0144272,15.3005543],[104.0152664,15.288332],[104.0108185,15.2838879],[104.0005493,15.2802773],[103.996933,15.2697201],[103.9908066,15.2658329],[103.9791565,15.2658329],[103.9766464,15.2641659],[103.9758072,15.2563877],[103.977478,15.2530537],[103.9816589,15.2480526],[103.9899673,15.2422199],[103.9919281,15.2352753],[103.9888763,15.2197189],[103.9763794,15.2083321],[103.9799805,15.1938877],[103.9783173,15.1866646],[103.9727631,15.1777763],[103.9694366,15.1669426],[103.9705429,15.1591644],[103.9744263,15.1538868],[103.9902573,15.1458321],[103.9952469,15.1411095],[103.9924774,15.1127758],[103.9958191,15.0897198],[104.0019379,15.076664],[104.0138931,15.0658321],[104.0177612,15.0599976],[104.0144272,15.0497208],[104.0152664,15.0458317],[104.0191498,15.0408335],[104.0202637,15.0291653],[104.0149994,15.0199986],[104.0061035,15.0147209],[103.9991531,15.0077763],[104.000267,14.9952745],[103.9991531,14.9916649],[103.9924774,14.9836082],[103.9788666,14.97472],[103.9755402,14.9680538],[103.9749908,14.9602757],[103.9716492,14.953886],[103.9527664,14.9355555],[103.9416504,14.9186096],[103.9313736,14.8961105],[103.9272003,14.8769417],[103.92276,14.8666649],[103.9163818,14.8586082],[103.9149933,14.8508301],[103.9172134,14.8438873],[103.9322128,14.8305531],[103.9702606,14.8124981],[103.9922028,14.8105555],[104.0,14.8038864],[104.0080414,14.7894421],[104.0102692,14.7777767],[104.0091629,14.7522221],[104.0063782,14.744997],[104.0055466,14.7366638],[104.0066528,14.7286091],[104.0102692,14.7219429],[104.0444336,14.683054],[104.0583191,14.6636105],[104.0660934,14.6408329],[104.0680466,14.6294422],[104.0674896,14.6155529],[104.0566406,14.5747204],[104.043869,14.5452766],[104.0416565,14.5149994],[104.0447083,14.5002766],[104.0533066,14.4902744],[104.0566406,14.4841633],[104.0630264,14.4463863],[104.0597076,14.4222202],[104.0538635,14.3991661],[104.0455322,14.3747196],[104.0444336,14.3569412],[104.0461597,14.3410979],[104.0542204,14.3423902],[104.0566086,14.3455741],[104.0616238,14.3440831],[104.069848,14.3440528],[104.0845331,14.3479999],[104.0933281,14.3533972],[104.0979279,14.3623415],[104.098818,14.3672371],[104.1063292,14.3701948],[104.1080676,14.3784352],[104.121959,14.3739611],[104.1318052,14.3759705],[104.1369092,14.3735911],[104.1391997,14.3718286],[104.1398855,14.3660427],[104.1369902,14.3576558],[104.1454156,14.3546227],[104.1716471,14.3588742],[104.171045,14.3653706],[104.1749237,14.3706844],[104.1708614,14.3762507],[104.1735529,14.3784107],[104.1821097,14.3811538],[104.1867732,14.3847602],[104.1945586,14.3818294],[104.1982362,14.3837529],[104.2023886,14.3796906],[104.2077625,14.3702066],[104.2116322,14.368035],[104.2170238,14.3673465],[104.2320021,14.3713013],[104.24754,14.3775996],[104.2528596,14.3860009],[104.2520872,14.3914615],[104.2582036,14.3948146],[104.2603336,14.3996176],[104.2679819,14.4009716],[104.2753551,14.4085322],[104.2788819,14.4072072],[104.2859991,14.3994999],[104.2915691,14.3996861],[104.307204,14.3828199],[104.311049,14.3815292],[104.3139173,14.3822586],[104.3152829,14.3801221],[104.3192684,14.3783491],[104.321657,14.3739167],[104.3264459,14.3730251],[104.3300411,14.3706564],[104.3339018,14.3721636],[104.3406571,14.3686417],[104.3550998,14.3691663],[104.3613731,14.3739842],[104.3694233,14.3759305],[104.3762215,14.3835578],[104.3782646,14.3778977],[104.3832391,14.375169],[104.3857701,14.3718371],[104.3909063,14.3739502],[104.3983412,14.3745772],[104.4043784,14.3662021],[104.4068797,14.3661621],[104.4147723,14.3718698],[104.4263045,14.3680261],[104.4325771,14.3599357],[104.4373395,14.3578144],[104.4424151,14.3589622],[104.4475427,14.356576],[104.4503275,14.3567305],[104.4556681,14.3603775],[104.4610832,14.3602395],[104.4641182,14.3559879],[104.4635181,14.3511822],[104.4612208,14.3471728],[104.4632458,14.3451826],[104.4715609,14.3468672],[104.4784026,14.3520133],[104.4786279,14.3553422],[104.4759893,14.358745],[104.4783437,14.3633081],[104.4850431,14.3689816],[104.4962015,14.3733455],[104.4989892,14.3762344],[104.5148255,14.3709737],[104.5245969,14.3608953],[104.5304725,14.3593915],[104.5351605,14.3555604],[104.5450799,14.3569584],[104.5503565,14.3545714],[104.5609964,14.3537866],[104.5656788,14.3545027],[104.5666959,14.3578726],[104.5705164,14.3607705],[104.5788743,14.3582019],[104.5802484,14.359269],[104.5783697,14.3736552],[104.5793925,14.3752675],[104.5893754,14.3814423],[104.6023171,14.3963354],[104.6138561,14.3983765],[104.6267053,14.4075697],[104.6409487,14.423193],[104.6497696,14.4234435],[104.6528258,14.4212385],[104.6560932,14.4118582],[104.652952,14.408445],[104.6592969,14.4005926],[104.6611103,14.4000809],[104.6660489,14.4023934],[104.677709,14.4008845],[104.6850582,14.3984098],[104.6923705,14.4121072],[104.691348,14.4167498],[104.6961819,14.4220838],[104.6987045,14.4273492],[104.7058909,14.4321099],[104.7124183,14.4341838],[104.7158463,14.4281707],[104.7219618,14.4242426],[104.7237031,14.4215808],[104.7198932,14.4075324],[104.7236891,14.4032828],[104.7315807,14.4129348],[104.7388823,14.4144925],[104.7548315,14.4049413],[104.7546884,14.4083024],[104.7575894,14.4112303],[104.7567842,14.4142483],[104.7668588,14.4235329],[104.7778423,14.4251167],[104.7915095,14.4351574],[104.8058488,14.4374188],[104.8086325,14.4366423],[104.8172136,14.429183],[104.819431,14.4180059],[104.8274968,14.4190348],[104.8339192,14.4157923],[104.8339581,14.4098847],[104.8356257,14.4073915],[104.8336097,14.4012271],[104.8379067,14.397922],[104.8401301,14.3991995],[104.8410291,14.4031762],[104.8526449,14.406728],[104.85755,14.411965],[104.8618007,14.4089454],[104.8716904,14.4181915],[104.8782567,14.4124807],[104.8943228,14.4061626],[104.8990081,14.4059635],[104.9019669,14.4016869],[104.9072817,14.399397],[104.908758,14.4057024],[104.9163818,14.4108315],[104.9108124,14.4230537],[104.894989,14.4402752],[104.8838806,14.4436092],[104.8713684,14.4427757],[104.8621979,14.4388866],[104.8574829,14.4388866],[104.8547134,14.4405537],[104.8519287,14.4469433],[104.8519287,14.4505539],[104.8585968,14.4588871],[104.8658066,14.4649982],[104.8716431,14.4738855],[104.8738709,14.4811096],[104.8735962,14.49333],[104.8708191,14.5041656],[104.8608093,14.521944],[104.8341522,14.5419426],[104.8311005,14.5522213],[104.8394318,14.5819416],[104.8499908,14.6327744],[104.8547134,14.6427755],[104.86026,14.6502762],[104.8658066,14.6549988],[104.8746872,14.6597214],[104.8869324,14.6613884],[104.8972168,14.6572208],[104.9038696,14.6499996],[104.9127731,14.644722],[104.9169312,14.6449986],[104.9174805,14.6486092],[104.8958282,14.6997204],[104.8886032,14.706665],[104.8769226,14.7094421],[104.8660889,14.7169418],[104.8472137,14.7488861],[104.8341522,14.7805538],[104.8230362,14.7974987],[104.8158112,14.8122196],[104.8144226,14.8241653],[104.8177567,14.8358307],[104.8219299,14.8405533],[104.8311005,14.8452759],[104.8330536,14.8483315],[104.8302765,14.8591633],[104.8249969,14.8674955],[104.8135986,14.891943],[104.8066406,14.8994427],[104.8008118,14.9030533],[104.766098,14.9205532],[104.7510986,14.9249992],[104.7338715,14.9233322],[104.7241516,14.9274979],[104.7091522,14.9411087],[104.6977463,14.9572201],[104.6933136,14.975275],[104.6933136,14.9836082],[104.6919327,14.9872189],[104.6924667,15.0041656],[104.6891479,15.0277767],[104.6905365,15.0358315],[104.6969299,15.0483322],[104.6983185,15.0611095],[104.69664,15.0808315],[104.6894226,15.0927753],[104.6874771,15.09972],[104.6879425,15.1373291],[104.7091522,15.1336098],[104.7202606,15.1388874],[104.7277679,15.1438885],[104.7358093,15.1522217],[104.7383118,15.1577759],[104.7374878,15.1683311],[104.731369,15.1705532],[104.7272034,15.1705532],[104.7183228,15.1674976],[104.7077637,15.1694431],[104.7044373,15.1783314],[104.7074432,15.1836376],[104.7158203,15.1886101],[104.7111435,15.1994667],[104.707489,15.203886],[104.6921997,15.2094421],[104.6885834,15.2138863],[104.6888733,15.2174969],[104.6969299,15.2299976],[104.6960907,15.2333317],[104.6944275,15.2355537],[104.6835938,15.2355537],[104.6744232,15.2508316],[104.6680527,15.2569427],[104.6652679,15.2572212],[104.6630402,15.2552776],[104.6644287,15.2419415],[104.6627731,15.2355537],[104.6563721,15.2361088],[104.6513824,15.2391644],[104.6492767,15.2498016],[104.6477737,15.2508316],[104.6208191,15.250555],[104.6010895,15.2555542],[104.5947113,15.2530537],[104.5841522,15.2408314],[104.5774765,15.2377758],[104.5699921,15.2399979],[104.5588684,15.247776],[104.5519333,15.250555],[104.5413666,15.246664],[104.5327606,15.2463856],[104.5219269,15.2494411],[104.5019379,15.2591648],[104.4677582,15.2591648],[104.461647,15.2622204],[104.4494171,15.2733326],[104.4369202,15.2802773],[104.4180908,15.2846975],[104.4055481,15.2869434],[104.3972168,15.2930546],[104.3924866,15.3022213],[104.394989,15.309164],[104.3938828,15.3127766],[104.3880463,15.3205528],[104.3838806,15.3211098],[104.3744202,15.3158321],[104.3716431,15.3177757],[104.364151,15.3291655],[104.3527679,15.3366642],[104.3085938,15.3374977],[104.3010864,15.3391647],[104.2944336,15.3422203],[104.273613,15.3588867],[104.2474823,15.3708305],[104.2374878,15.3841648],[104.2191467,15.4247208],[104.2047119,15.4469433],[104.1552582,15.4952745],[104.14888,15.5033321],[104.1469421,15.5102768],[104.1494293,15.5252762],[104.1293182,15.564497],[104.1224823,15.5561085],[104.1069336,15.5533314],[104.1022034,15.5397205],[104.0997162,15.5369434],[104.0913696,15.5363855],[104.0844269,15.5391645],[104.0816727,15.53722],[104.0794373,15.5347214],[104.0736084,15.517498],[104.0588684,15.5086098],[104.0572128,15.5058327],[104.0552521,15.4936085],[104.0497131,15.4847202],[104.0272064,15.4699974],[104.0074921,15.4424973],[103.993042,15.4297199],[103.9874878,15.4208317],[103.9828186,15.4033546]]]}},{"type":"Feature","properties":{"shapeName":"Nong Khai Province"},"geometry":{"type":"Polygon","coordinates":[[[102.0583496,18.0881996],[102.0619202,18.0827751],[102.0752716,18.072773],[102.0811005,18.0647202],[102.0885925,18.058609],[102.0924835,18.056942],[102.0960999,18.0574989],[102.1108093,18.0624962],[102.1174774,18.0599976],[102.1188736,18.056385],[102.118042,18.0474968],[102.1280365,18.0344429],[102.1313629,18.0330544],[102.1477737,18.033886],[102.1497192,18.0308304],[102.141098,18.0166664],[102.1408234,18.0124969],[102.1530533,17.9919395],[102.1558228,17.990551],[102.1627731,17.9924927],[102.1655426,17.9947166],[102.1797028,18.0136108],[102.1958237,18.0161095],[102.2041626,18.0219421],[102.2083282,18.0166664],[102.211113,18.0097198],[102.2138824,18.0077744],[102.2241516,18.0041656],[102.2413635,18.0013885],[102.2619324,17.9847183],[102.2752686,17.9788818],[102.2944336,17.9730492],[102.3063736,17.9622154],[102.3272095,17.9497185],[102.3316727,17.9447174],[102.3333282,17.9369392],[102.3383179,17.9286079],[102.3499908,17.9208298],[102.3672028,17.9138832],[102.3699799,17.9119415],[102.3766479,17.9002724],[102.3922119,17.8919411],[102.3997192,17.8808289],[102.4038696,17.8713837],[102.4052582,17.8508301],[102.4091492,17.8411064],[102.4144287,17.8369408],[102.4238663,17.8233299],[102.4308167,17.8202744],[102.4399719,17.8199959],[102.4447021,17.8147202],[102.4438629,17.806942],[102.4380264,17.7944412],[102.4388733,17.7902756],[102.4569397,17.7702751],[102.4586029,17.7638855],[102.4627686,17.7586098],[102.4655533,17.7563858],[102.4808197,17.7524986],[102.4980316,17.7524986],[102.5188828,17.7563858],[102.5319366,17.7569427],[102.5352631,17.7552757],[102.5494232,17.7377739],[102.5716629,17.717495],[102.5877686,17.7094383],[102.610527,17.6899948],[102.6055527,17.6708298],[102.6110992,17.6449966],[102.6113663,17.63694],[102.6108093,17.6327744],[102.6041565,17.6205521],[102.6052628,17.6174965],[102.6208191,17.6205521],[102.6296997,17.615551],[102.6502686,17.6116638],[102.6544266,17.6063843],[102.6597137,17.5938873],[102.6619263,17.5916634],[102.6672134,17.5908318],[102.6780396,17.5938873],[102.7088776,17.6099968],[102.7160873,17.6088867],[102.7244263,17.6030502],[102.731369,17.6005516],[102.7358093,17.5994415],[102.7435913,17.6011086],[102.7538834,17.6094398],[102.7769318,17.6191635],[102.7791595,17.6255531],[102.7780533,17.6341629],[102.7824936,17.6436081],[102.7835999,17.6563835],[102.7877731,17.6616631],[102.7947083,17.6683273],[102.8035889,17.6738853],[102.8197174,17.6811066],[102.8277664,17.6822166],[102.8380432,17.6861076],[102.8455429,17.6924934],[102.8472137,17.6958275],[102.8491516,17.7116623],[102.86026,17.7205505],[102.8633118,17.7263832],[102.8583221,17.7352715],[102.8580322,17.7394371],[102.8636017,17.7477722],[102.8655396,17.7697182],[102.8638763,17.7766647],[102.8585968,17.7811089],[102.8549805,17.7866631],[102.8530426,17.7972183],[102.8483276,17.806942],[102.8538666,17.8149986],[102.8549805,17.8191643],[102.8594208,17.8236084],[102.8633118,17.8338852],[102.8755264,17.8408318],[102.8833313,17.8561058],[102.8858185,17.8583298],[102.8863831,17.8627739],[102.8816528,17.8716621],[102.8808136,17.8794403],[102.8866577,17.8880501],[102.8899765,17.8897171],[102.9005432,17.8894386],[102.9149933,17.8863831],[102.9366531,17.8874969],[102.9435883,17.8844414],[102.9541626,17.8722191],[102.961647,17.8563843],[102.9710999,17.8469429],[102.9791565,17.8238869],[102.981369,17.8208313],[102.9847107,17.8199959],[102.9885864,17.8202744],[102.9949799,17.8241653],[103.0036011,17.8338852],[103.0119324,17.8399963],[103.0141602,17.8466644],[103.0249863,17.8599968],[103.0274811,17.8663864],[103.0299835,17.868885],[103.0374908,17.871109],[103.0502625,17.871109],[103.0533066,17.8733292],[103.0544281,17.8763847],[103.0538635,17.888607],[103.0577469,17.889164],[103.0683289,17.8763847],[103.0758209,17.8741646],[103.0813828,17.8630524],[103.0840073,17.8616142],[103.0991516,17.8599968],[103.1038666,17.8483315],[103.1152573,17.847496],[103.1172791,17.8374939],[103.121521,17.8332405],[103.1361084,17.8302765],[103.1455383,17.8249969],[103.1569366,17.8094406],[103.1647034,17.8022194],[103.1719208,17.7997208],[103.1774673,17.803051],[103.1838684,17.8111076],[103.1880264,17.8302765],[103.1919327,17.8411064],[103.2019272,17.8538857],[103.2174835,17.8624954],[103.2494202,17.8716621],[103.2638931,17.8813858],[103.2694397,17.8774948],[103.2758179,17.8699951],[103.2874908,17.84972],[103.2958221,17.8388863],[103.3077469,17.8319397],[103.3155365,17.829998],[103.3252716,17.8344421],[103.3444366,17.8527756],[103.3555527,17.8558311],[103.3763733,17.8577728],[103.3994787,17.866521],[103.4013824,17.8722191],[103.4077606,17.8741646],[103.4094162,17.8766632],[103.4072113,17.8866615],[103.4083328,17.8933296],[103.4072113,17.8963852],[103.3974915,17.8988838],[103.3933334,17.9030495],[103.3883209,17.9249954],[103.3922119,17.9294395],[103.4022064,17.9319382],[103.4044266,17.9338837],[103.4005432,17.9383278],[103.3974915,17.9474945],[103.3808136,17.9519386],[103.3758087,17.9630508],[103.3744202,17.9697151],[103.3785934,17.9777718],[103.3858185,17.9830513],[103.3997192,17.9861069],[103.2587106,18.2621801],[103.2952625,18.274391],[103.298211,18.304024],[103.294796,18.300318],[103.280899,18.293625],[103.259035,18.286711],[103.241484,18.283973],[103.209316,18.271196],[103.182301,18.265776],[103.171818,18.259968],[103.166128,18.254492],[103.151152,18.229488],[103.150313,18.220804],[103.155705,18.198347],[103.154327,18.189387],[103.148936,18.173457],[103.136057,18.160459],[103.086339,18.131642],[103.080049,18.123234],[103.077294,18.113444],[103.078731,18.106751],[103.077413,18.092868],[103.072082,18.074449],[103.081067,18.049559],[103.078551,18.03374],[103.072921,18.02229],[103.057706,17.999945],[103.035783,17.97699],[103.025899,17.972178],[103.018771,17.971293],[103.011522,17.974335],[102.997206,17.988385],[102.98259,17.997566],[102.968872,18.003927],[102.959049,18.004923],[102.948506,18.004259],[102.938442,18.001604],[102.898788,17.98064],[102.870694,17.976159],[102.85506,17.970849],[102.833615,17.951878],[102.8189926,17.9413608],[102.813668,17.939211],[102.797015,17.939045],[102.784735,17.933403],[102.779224,17.926711],[102.771078,17.906135],[102.765926,17.899442],[102.758259,17.893745],[102.747082,17.888783],[102.740279,17.883526],[102.70522,17.878526],[102.696334,17.875321],[102.688351,17.870001],[102.679187,17.856731],[102.676965,17.844296],[102.678423,17.839232],[102.69564,17.823783],[102.698139,17.818783],[102.691336,17.808206],[102.68245,17.80327],[102.671828,17.80327],[102.66676,17.80545],[102.64392,17.827244],[102.637811,17.831283],[102.63198,17.832565],[102.608931,17.832373],[102.598171,17.834424],[102.593103,17.83718],[102.589423,17.842565],[102.589007,17.849296],[102.593103,17.861155],[102.607335,17.887629],[102.608376,17.89609],[102.613374,17.910321],[102.61386,17.938141],[102.609139,17.948526],[102.6033888,17.9552983],[102.5938731,17.9600985],[102.582481,17.963398],[102.575053,17.963975],[102.554504,17.969103],[102.548811,17.967885],[102.541938,17.964167],[102.532289,17.963205],[102.526527,17.96359],[102.50847,17.971292],[102.490237,17.966868],[102.472257,17.967381],[102.460039,17.971035],[102.43095,17.984048],[102.418246,17.990906],[102.40325,18.001931],[102.38763,18.016483],[102.364027,18.033727],[102.346463,18.044625],[102.334591,18.048279],[102.304601,18.051548],[102.29502,18.055074],[102.286273,18.060587],[102.248854,18.097768],[102.213379,18.127769],[102.198176,18.134948],[102.197273,18.138731],[102.193732,18.14309],[102.185541,18.147898],[102.182694,18.152962],[102.177696,18.170398],[102.173392,18.176232],[102.163325,18.204438],[102.152704,18.204566],[102.142915,18.206553],[102.141527,18.212515],[102.134098,18.216105],[102.113827,18.210848],[102.105219,18.213733],[102.1083221,18.179718],[102.1066437,18.1724968],[102.0980377,18.1624947],[102.0788727,18.1533279],[102.0736084,18.1488838],[102.0686035,18.1169395],[102.0597076,18.0969429],[102.0583496,18.0881996]]]}},{"type":"Feature","properties":{"shapeName":"Khon Kaen Province"},"geometry":{"type":"Polygon","coordinates":[[[102.0708038,16.8851582],[102.0702215,16.8892944],[102.0685875,16.8895349],[102.0672259,16.8868088],[102.063476,16.8874502],[102.0637065,16.8815969],[102.0555155,16.8756231],[102.0602395,16.8711928],[102.0565316,16.8678048],[102.0511477,16.8696692],[102.0484663,16.8672835],[102.0446117,16.8679251],[102.0433758,16.8651184],[102.045324,16.8635547],[102.0454497,16.8610687],[102.0400449,16.8584023],[102.032273,16.8637952],[102.0285441,16.8617905],[102.0262816,16.8624119],[102.023286,16.8668425],[102.0194943,16.869188],[102.0179474,16.8647448],[102.0158124,16.8644048],[102.0120482,16.868348],[102.0118419,16.8705778],[102.0102978,16.8704911],[102.0046238,16.8639263],[102.0051339,16.8623718],[101.9997105,16.8604605],[101.9998918,16.8586647],[102.0027634,16.8590821],[102.0016283,16.8567231],[102.0027178,16.8551346],[102.004782,16.8563806],[102.0059719,16.8543926],[102.0006928,16.8489793],[101.9991217,16.8490996],[101.9988703,16.8512649],[101.9964612,16.8500419],[101.9996454,16.8447087],[101.9975505,16.8432451],[101.9968801,16.8453704],[101.995707,16.8450095],[101.9964193,16.8413804],[101.9941778,16.8400571],[101.9910564,16.8399368],[101.9898204,16.8414807],[101.9865943,16.8406386],[101.987558,16.8438065],[101.9819437,16.844027],[101.9788643,16.8398767],[101.9790738,16.8453503],[101.9745488,16.8404782],[101.97038,16.8418015],[101.9692488,16.8473152],[101.9657294,16.8448491],[101.9659672,16.8474047],[101.9641778,16.8465683],[101.9623885,16.8478826],[101.9633456,16.8501925],[101.9622636,16.8527812],[101.9564379,16.8470064],[101.9549398,16.847564],[101.9547318,16.8496748],[101.9524847,16.84848],[101.9469086,16.8497146],[101.9438709,16.8529803],[101.9445245,16.8480847],[101.9492561,16.8403729],[101.9363709,16.8383293],[101.9016571,16.8163872],[101.8813629,16.8091621],[101.8763733,16.8044434],[101.8708191,16.7958298],[101.8649902,16.7922211],[101.8588715,16.7897186],[101.8472137,16.7880516],[101.8330536,16.7827759],[101.8211136,16.7763863],[101.7988663,16.7705536],[101.7878626,16.7641205],[101.7863875,16.7558847],[101.7873523,16.743777],[101.7949305,16.7375875],[101.7964178,16.7333717],[101.7912924,16.7266524],[101.7874944,16.7263611],[101.787745,16.7223826],[101.7799547,16.7196441],[101.7810097,16.71779],[101.7783766,16.7158656],[101.7789903,16.7130947],[101.7757818,16.7128051],[101.7746067,16.7027663],[101.7710999,16.7030183],[101.7730626,16.6982054],[101.7717136,16.686475],[101.7678747,16.6838571],[101.7654829,16.6794534],[101.7509753,16.6767256],[101.7498808,16.6756272],[101.7512359,16.6704347],[101.7503907,16.6680038],[101.7518053,16.6658548],[101.749996,16.6640791],[101.7521748,16.6615971],[101.7500307,16.6560898],[101.7537221,16.65401],[101.7537411,16.6522325],[101.757793,16.6536978],[101.7602631,16.6520434],[101.7648422,16.6554545],[101.7676541,16.6530646],[101.7700041,16.6536126],[101.7699276,16.6518613],[101.7728312,16.6523481],[101.7722463,16.6479721],[101.7791007,16.646903],[101.779376,16.6456988],[101.7769073,16.6442057],[101.777659,16.642229],[101.7743088,16.6398397],[101.7763267,16.6383931],[101.7743876,16.6365667],[101.7741816,16.6287375],[101.7764887,16.6326719],[101.780474,16.635143],[101.7826685,16.6345957],[101.7853629,16.635972],[101.7863627,16.6402378],[101.7912132,16.6396536],[101.7946684,16.6422694],[101.7951929,16.6451903],[101.7997907,16.6451667],[101.8003291,16.6495533],[101.8042512,16.6472481],[101.8060172,16.6490533],[101.8056052,16.6529768],[101.8091538,16.6505217],[101.8134357,16.6533083],[101.8183988,16.6530294],[101.8198902,16.6548056],[101.8226093,16.6500638],[101.8223484,16.6522031],[101.8240211,16.6521295],[101.825279,16.6546161],[101.8273774,16.6553529],[101.8255344,16.6569975],[101.8266221,16.65775],[101.8367899,16.6577079],[101.8400803,16.6545398],[101.8434394,16.6542372],[101.8447852,16.6553871],[101.8457768,16.6545793],[101.8486023,16.658886],[101.8621979,16.6547165],[101.9102631,16.6344414],[101.918869,16.6330528],[101.9394226,16.6358299],[101.9561005,16.6333313],[101.9716492,16.6163864],[101.9760895,16.6019402],[101.9772034,16.5858307],[101.9883118,16.5741653],[101.9894845,16.5667911],[101.9911508,16.5668865],[101.990443,16.5642089],[101.992127,16.5655198],[101.9949666,16.5642295],[101.9943879,16.5614785],[101.9973047,16.5630203],[101.9978726,16.5655456],[101.9980937,16.5624432],[102.000058,16.5635147],[102.0029343,16.5624578],[102.0009378,16.5618354],[102.0013356,16.5606014],[102.0049917,16.5598986],[102.0062752,16.5574855],[102.0106138,16.5599],[102.0110787,16.5580379],[102.0152661,16.558478],[102.0145418,16.5571447],[102.0190266,16.5597535],[102.0189046,16.557807],[102.0220282,16.5558629],[102.0212632,16.5574391],[102.0234846,16.5584965],[102.0229635,16.5571663],[102.024946,16.5569178],[102.0220257,16.5537945],[102.0237337,16.55196],[102.0239498,16.5482559],[102.0261927,16.5464263],[102.0256356,16.545024],[102.0272063,16.546068],[102.0290898,16.5422537],[102.0304161,16.5436664],[102.0323535,16.5411649],[102.0324496,16.5329071],[102.0339952,16.5317631],[102.0300845,16.5270286],[102.0300019,16.5247129],[102.0317883,16.5238066],[102.0314586,16.5210744],[102.0361021,16.516547],[102.0363334,16.5144977],[102.0377872,16.5143953],[102.0380617,16.5121364],[102.0427917,16.5083593],[102.0446852,16.5080962],[102.0442048,16.5100749],[102.0461517,16.5099969],[102.0457628,16.5085177],[102.0479384,16.5087419],[102.0491355,16.5063733],[102.0529505,16.5085494],[102.0524676,16.5061442],[102.0559166,16.5042167],[102.0561021,16.5059469],[102.0580185,16.5052402],[102.059912,16.5077038],[102.0604755,16.5032238],[102.0624057,16.5038855],[102.0633906,16.5066046],[102.0634373,16.5049849],[102.0650655,16.5057879],[102.0659857,16.504175],[102.0695293,16.5036905],[102.0691023,16.5013145],[102.0727648,16.503247],[102.0739873,16.5013292],[102.0716033,16.5018385],[102.0688431,16.4992017],[102.0716541,16.4978833],[102.0674045,16.4950418],[102.068195,16.4935552],[102.0726563,16.4954943],[102.0756478,16.4926576],[102.0756503,16.494461],[102.0788578,16.496703],[102.0823907,16.4924334],[102.0852246,16.4922116],[102.0870799,16.4948265],[102.0911796,16.4938005],[102.0941736,16.4985917],[102.099577,16.494188],[102.1008631,16.4962351],[102.1034632,16.4958476],[102.1055778,16.4978849],[102.1115252,16.4946096],[102.1142676,16.4970125],[102.1227041,16.4942806],[102.1268341,16.4962487],[102.1313836,16.4958369],[102.132235,16.4972528],[102.1340879,16.4957297],[102.1349851,16.4992048],[102.1373615,16.4990829],[102.1376868,16.4977426],[102.1384391,16.5000041],[102.1404419,16.4998384],[102.1413747,16.502095],[102.140358,16.5026238],[102.141606,16.5031624],[102.144328,16.5015394],[102.1448364,16.4987808],[102.1467959,16.4991585],[102.1461529,16.5005524],[102.1485395,16.4986906],[102.1497309,16.498759],[102.1503562,16.5012018],[102.1584895,16.5032824],[102.1573228,16.4982547],[102.1607265,16.5013562],[102.1625745,16.501742],[102.1625155,16.5005101],[102.1649376,16.501598],[102.1659756,16.4998775],[102.1634275,16.4975423],[102.1655169,16.4979461],[102.1657154,16.4965882],[102.1672979,16.4984707],[102.1670726,16.4965367],[102.1693391,16.4957806],[102.1707124,16.4972697],[102.1700123,16.4955672],[102.172724,16.4916245],[102.173188,16.4937257],[102.1743543,16.4937216],[102.1729837,16.4960568],[102.1750731,16.4942231],[102.1767924,16.4945986],[102.17764,16.4997525],[102.1820254,16.5010846],[102.180577,16.5017893],[102.180164,16.5048085],[102.1824224,16.5062923],[102.1842597,16.5054771],[102.1832271,16.5046208],[102.1843107,16.5036204],[102.185405,16.5045899],[102.1907569,16.5031857],[102.1906577,16.5013135],[102.1892013,16.5013753],[102.1922429,16.4986646],[102.1943565,16.4990581],[102.1937288,16.501581],[102.1955635,16.5006037],[102.1950136,16.4994156],[102.1961187,16.4999274],[102.196057,16.5019719],[102.1979131,16.5017482],[102.1982698,16.5043353],[102.2004907,16.5031472],[102.2038139,16.5043687],[102.2060241,16.5024374],[102.2041599,16.5000714],[102.206649,16.4980757],[102.2091033,16.4978648],[102.2126599,16.5015836],[102.214355,16.5012981],[102.2123916,16.499017],[102.2179787,16.4977928],[102.2170265,16.4935956],[102.2287451,16.4866695],[102.2281228,16.4841104],[102.2315131,16.4839818],[102.2344689,16.4864329],[102.2390689,16.4829376],[102.2421749,16.4799078],[102.2404507,16.4787458],[102.2426126,16.4772772],[102.2420144,16.4741675],[102.244297,16.4729612],[102.2440663,16.4694477],[102.249189,16.4677153],[102.2507898,16.4684483],[102.253591,16.466413],[102.2569499,16.4666713],[102.2556904,16.4609187],[102.2591076,16.4598641],[102.2593356,16.4614795],[102.2645954,16.4618679],[102.2666768,16.4602782],[102.2658345,16.4593368],[102.2678435,16.4588429],[102.2669852,16.4568596],[102.2680742,16.4574847],[102.2692356,16.4556146],[102.270802,16.4582333],[102.271207,16.4568236],[102.2734198,16.4560185],[102.2739616,16.457832],[102.2765687,16.4558744],[102.2755549,16.457567],[102.2771555,16.4590103],[102.2766942,16.4605202],[102.278856,16.4604508],[102.2774532,16.4587479],[102.2780943,16.4568367],[102.279894,16.4589254],[102.2830993,16.4581974],[102.2844742,16.455784],[102.2831124,16.4549291],[102.287247,16.4532302],[102.287706,16.4547072],[102.2887871,16.4530738],[102.2893219,16.4541252],[102.291302,16.4487228],[102.2931796,16.4487047],[102.2925695,16.4465282],[102.2951578,16.4458529],[102.2962884,16.4473517],[102.3005983,16.4450172],[102.300916,16.4482121],[102.3045788,16.448165],[102.3069802,16.4512948],[102.3117737,16.4504838],[102.3111426,16.4547599],[102.3134799,16.4534276],[102.3170676,16.4558672],[102.3182255,16.4557991],[102.3182073,16.4518656],[102.3195899,16.4523155],[102.3179315,16.4490505],[102.3199863,16.4476153],[102.3191489,16.4457712],[102.3212896,16.4460295],[102.3218941,16.4480636],[102.3236236,16.4452564],[102.3251895,16.4460564],[102.3247501,16.44762],[102.3277557,16.4464764],[102.328251,16.4483942],[102.3294774,16.4483427],[102.3290709,16.4504374],[102.330608,16.4492702],[102.329447,16.4455153],[102.3320259,16.4472247],[102.3324277,16.4448476],[102.3344624,16.4465884],[102.3357215,16.4446191],[102.3359831,16.4478654],[102.3392745,16.4457841],[102.3407065,16.4458289],[102.3410919,16.4475496],[102.3432924,16.4462053],[102.3422693,16.4488176],[102.3455093,16.4496667],[102.3447968,16.450816],[102.3460396,16.451645],[102.3482541,16.4502111],[102.3499033,16.4520482],[102.3520618,16.4504957],[102.353482,16.4513358],[102.35522,16.449129],[102.356374,16.4505898],[102.3579134,16.4478274],[102.359329,16.4501708],[102.3626718,16.4502067],[102.3622654,16.4527203],[102.3651667,16.4529713],[102.3659072,16.4509863],[102.364279,16.4494606],[102.3684347,16.4473994],[102.3659212,16.4464921],[102.3667809,16.4417715],[102.365405,16.438171],[102.370649,16.4389781],[102.3749668,16.434785],[102.3765921,16.4353997],[102.3757415,16.438177],[102.3777368,16.4383402],[102.3774081,16.4400813],[102.3818961,16.4428854],[102.3824544,16.445181],[102.3838749,16.4417986],[102.3848643,16.4452],[102.3905796,16.4428791],[102.3915987,16.4453616],[102.3930094,16.4452364],[102.3925782,16.447006],[102.3942466,16.4457608],[102.3947256,16.4469997],[102.3971521,16.445699],[102.3989839,16.4465561],[102.401265,16.4515304],[102.4008504,16.4547209],[102.3978855,16.4563716],[102.4029433,16.4621172],[102.4048179,16.4599618],[102.407355,16.4605796],[102.4071139,16.4626706],[102.4091654,16.4625154],[102.4125671,16.4604912],[102.4122009,16.446106],[102.4141464,16.4344406],[102.4194336,16.4261055],[102.4299774,16.4216614],[102.4366531,16.4144402],[102.453598,16.4069405],[102.4583282,16.4027748],[102.46138,16.3966637],[102.4608231,16.3922195],[102.4502716,16.3508301],[102.4424667,16.3355522],[102.4327469,16.3208313],[102.4238663,16.3019409],[102.4155426,16.2777748],[102.4130402,16.2661095],[102.4138794,16.2613869],[102.4105377,16.2505531],[102.4005432,16.2324944],[102.3883209,16.217495],[102.3755264,16.1963844],[102.348877,16.1666641],[102.3394318,16.1436081],[102.3277664,16.1269417],[102.2927628,16.0916634],[102.2683334,16.0747185],[102.2638931,16.0697174],[102.2636108,16.0655518],[102.2694397,16.0574989],[102.2797089,16.0488853],[102.2969437,16.0383301],[102.3224869,16.0302773],[102.3430481,16.0216637],[102.3597107,16.0099983],[102.3683167,16.0002747],[102.3741531,15.9963856],[102.3905487,15.9936085],[102.3927612,15.9911079],[102.394043,15.9829025],[102.3810883,15.973053],[102.3777618,15.9683304],[102.3755264,15.9586086],[102.3771973,15.9480534],[102.3733063,15.9399986],[102.3658066,15.9308319],[102.3683167,15.9252758],[102.3685913,15.9180546],[102.3633118,15.9030533],[102.360527,15.8977776],[102.3544312,15.8916664],[102.3460999,15.8755531],[102.3410873,15.8722191],[102.3333282,15.8597202],[102.3313828,15.8536091],[102.3302765,15.8347206],[102.336113,15.8119431],[102.3347321,15.8055267],[102.3380432,15.7969437],[102.3483276,15.7802773],[102.3697128,15.7638874],[102.3713684,15.7561092],[102.3691406,15.7397194],[102.3705292,15.7319412],[102.3733063,15.7294426],[102.3902664,15.7274971],[102.3936005,15.7258301],[102.402771,15.7169418],[102.4130402,15.703886],[102.4255371,15.6927757],[102.4333191,15.6933308],[102.4608231,15.7086086],[102.4894333,15.7111092],[102.5111084,15.7177753],[102.5155487,15.7180538],[102.5355377,15.7091637],[102.5427628,15.706665],[102.5510864,15.7058315],[102.5577469,15.7024965],[102.5711136,15.7019424],[102.5749969,15.7030535],[102.5924835,15.7030535],[102.6022034,15.7083321],[102.6138763,15.7197189],[102.6177521,15.7205524],[102.6291504,15.7169418],[102.6444397,15.7094421],[102.6583328,15.7074986],[102.676651,15.7119427],[102.6916504,15.7199974],[102.7005463,15.7194424],[102.7038727,15.7174969],[102.7052612,15.7141647],[102.7013931,15.7041655],[102.7016602,15.6999989],[102.7088776,15.6883316],[102.7160873,15.6816654],[102.723877,15.666666],[102.7297134,15.6627769],[102.7341537,15.66222],[102.7527771,15.6658335],[102.7569427,15.664999],[102.7688828,15.6536102],[102.7755432,15.6502762],[102.7890472,15.6393738],[102.8008118,15.6272202],[102.8063736,15.6238861],[102.8219299,15.6205521],[102.8338776,15.6224976],[102.8583221,15.6308308],[102.8674774,15.6355553],[102.8774719,15.6438885],[102.8819275,15.6494427],[102.8894272,15.6702766],[102.8897095,15.7180538],[102.8916626,15.7527771],[102.8955383,15.7630539],[102.9010925,15.7716656],[102.9088669,15.7777767],[102.918869,15.7819424],[102.946373,15.7891645],[102.9455338,15.8016644],[102.9358063,15.8197193],[102.9355316,15.8280544],[102.9416504,15.8469429],[102.9405365,15.8580532],[102.9299774,15.8799973],[102.9197083,15.8972206],[102.9052582,15.9286098],[102.9077606,15.9441643],[102.9072113,15.953331],[102.9149933,15.9680538],[102.9135971,15.9716644],[102.9163818,15.9786091],[102.9144287,15.9905529],[102.9094162,15.9994411],[102.898613,16.0122185],[102.89888,16.0277748],[102.8897095,16.03722],[102.8824768,16.0397186],[102.8694305,16.0411072],[102.8669281,16.0430527],[102.8621979,16.0519409],[102.8644333,16.0597191],[102.8638763,16.0638847],[102.8591537,16.072773],[102.8574829,16.079998],[102.8619232,16.094162],[102.8699799,16.1094398],[102.8716431,16.1216621],[102.8710938,16.1258278],[102.8649902,16.1388855],[102.8638763,16.1461067],[102.8658066,16.1705513],[102.8552628,16.1933289],[102.8513794,16.2066612],[102.8505402,16.219162],[102.8541565,16.2344398],[102.8483276,16.2608299],[102.8510895,16.2722206],[102.8613663,16.285553],[102.8833313,16.3008308],[102.899147,16.3138847],[102.9041595,16.3219414],[102.9077606,16.3374977],[102.9174805,16.3461075],[102.9205322,16.3580513],[102.9294281,16.367218],[102.9324799,16.3736076],[102.9383392,16.3757744],[102.9405365,16.3883286],[102.9455338,16.3916626],[102.9522095,16.3930511],[102.9563828,16.3972168],[102.9530487,16.406105],[102.9549866,16.4122162],[102.9588776,16.4163857],[102.9583282,16.4202728],[102.9566498,16.4224968],[102.9502716,16.4222183],[102.9483185,16.428051],[102.9485931,16.4358292],[102.9458237,16.4413834],[102.9383087,16.4419403],[102.9356995,16.4435501],[102.9483185,16.4486046],[102.9710999,16.4536057],[103.0033264,16.4633293],[103.0116577,16.4644394],[103.0233231,16.4705505],[103.0313721,16.4774933],[103.0322113,16.4808273],[103.039978,16.4924927],[103.0452576,16.4963837],[103.0497131,16.4969406],[103.0577469,16.4952736],[103.0658112,16.4969406],[103.0811005,16.5044441],[103.0888824,16.5105553],[103.1055527,16.5319405],[103.110527,16.5455513],[103.1274719,16.556385],[103.1302567,16.5636101],[103.1291504,16.5805511],[103.1336136,16.5894394],[103.1563721,16.6047173],[103.1608124,16.6086082],[103.1647034,16.6149979],[103.1658173,16.6186066],[103.1627731,16.6338844],[103.1625137,16.643425],[103.1633072,16.6586075],[103.1649933,16.6658287],[103.1691437,16.6716614],[103.1697083,16.6755524],[103.1597137,16.7024956],[103.1594162,16.7063828],[103.1683197,16.7211075],[103.168869,16.7333298],[103.1672134,16.7408295],[103.161377,16.7488823],[103.1608124,16.7524986],[103.1644287,16.7583313],[103.17276,16.7638855],[103.1822128,16.7733307],[103.1891479,16.7858315],[103.1933136,16.8044434],[103.1947021,16.8308296],[103.1921997,16.8369408],[103.1844177,16.8477745],[103.1835938,16.851387],[103.1858063,16.8583298],[103.1802673,16.8624954],[103.1763763,16.8636093],[103.1635971,16.8641624],[103.1563721,16.8624954],[103.1572113,16.8502731],[103.1549835,16.8430519],[103.1510925,16.8374977],[103.1441498,16.8313866],[103.1383209,16.8274956],[103.1308136,16.8249969],[103.1271973,16.8252754],[103.1213684,16.8294411],[103.1183167,16.8361092],[103.118042,16.8488846],[103.1197128,16.8558311],[103.1330414,16.8805504],[103.1341629,16.8922195],[103.1302567,16.9024963],[103.1222076,16.908329],[103.1129837,16.912632],[103.1074829,16.9074974],[103.0952606,16.9011078],[103.0597076,16.8894386],[103.0113831,16.8591614],[102.989151,16.848053],[102.9636078,16.8413849],[102.946373,16.8405533],[102.9344177,16.8433304],[102.9260864,16.8491631],[102.9116516,16.867218],[102.9002686,16.8744392],[102.8899765,16.8788834],[102.8858185,16.8788834],[102.8777618,16.8816643],[102.8694305,16.8805504],[102.8480377,16.869442],[102.8397064,16.8683281],[102.836113,16.8697166],[102.832489,16.8755531],[102.8327637,16.8924942],[102.8277664,16.9141617],[102.8302765,16.9397163],[102.8280487,16.9469414],[102.8208313,16.9577713],[102.8213806,16.9613838],[102.8336029,16.9683266],[102.8336029,16.9755516],[102.8299866,16.9808273],[102.8130264,16.9877739],[102.8077469,16.9924927],[102.8052521,16.9986038],[102.798317,17.0063858],[102.7877731,17.0136108],[102.7744293,17.0202751],[102.7641602,17.0288849],[102.7583313,17.0319405],[102.7322083,17.0402756],[102.727478,17.0449982],[102.7244263,17.0511093],[102.7249908,17.0674973],[102.7202606,17.0763855],[102.7163773,17.076107],[102.71138,17.0705528],[102.7049866,17.0544434],[102.6924667,17.0383301],[102.6910934,17.0302773],[102.6916504,17.0044441],[102.68839,16.9869806],[102.6849823,16.9733276],[102.685257,16.9641609],[102.6830368,16.9572182],[102.6746979,16.9416618],[102.6666565,16.9172173],[102.6438828,16.8744392],[102.6316528,16.8436089],[102.6244202,16.8174973],[102.6222076,16.7927742],[102.6188736,16.7808304],[102.614151,16.7719421],[102.6098175,16.7691231],[102.5755463,16.7647209],[102.5616531,16.7597198],[102.5544281,16.7624969],[102.5413666,16.7808304],[102.5216522,16.7902756],[102.5058289,16.7941628],[102.4710999,16.7986069],[102.4624863,16.7974968],[102.442749,16.7897186],[102.4297028,16.7883301],[102.4210968,16.7891655],[102.4097137,16.7922211],[102.3919373,16.8033295],[102.383613,16.8163978],[102.3779196,16.8179888],[102.3759992,16.8169413],[102.3762191,16.814841],[102.3797006,16.8134546],[102.378322,16.8110308],[102.3758329,16.8107021],[102.3742665,16.8131567],[102.3702378,16.813624],[102.3657112,16.8178176],[102.3613793,16.8168046],[102.3582385,16.8222256],[102.3549953,16.8231188],[102.3558526,16.8255043],[102.350379,16.830896],[102.3489186,16.8266153],[102.3499541,16.8239829],[102.3467944,16.8180391],[102.3436877,16.8178067],[102.3411766,16.8235],[102.3383469,16.8242117],[102.3389955,16.8294945],[102.3359154,16.8316366],[102.3403535,16.8348389],[102.3402776,16.8361459],[102.3315646,16.8404046],[102.3297818,16.8446559],[102.3235078,16.846384],[102.332107,16.8485151],[102.3305708,16.8549698],[102.3285756,16.8558592],[102.3225785,16.8532418],[102.3189749,16.8552965],[102.3166952,16.8550497],[102.3175677,16.858208],[102.3210612,16.8597689],[102.319248,16.8616639],[102.3243992,16.8649673],[102.3247672,16.8668368],[102.3152424,16.8692798],[102.3117716,16.8673813],[102.3072349,16.8749098],[102.3023986,16.8769825],[102.3020724,16.8803255],[102.3070377,16.8820315],[102.3068063,16.8843327],[102.3020686,16.8855378],[102.2980667,16.8825179],[102.2962612,16.8844852],[102.291512,16.884046],[102.2916562,16.8875486],[102.2957984,16.8889315],[102.2963446,16.8910331],[102.2951573,16.8918715],[102.2924717,16.8899587],[102.2882916,16.8897736],[102.2876012,16.8913488],[102.2850105,16.8907862],[102.2777654,16.8939439],[102.2633835,16.8917027],[102.259044,16.8942706],[102.2574698,16.8934286],[102.2543253,16.8948041],[102.2545282,16.8911746],[102.2495117,16.8915267],[102.2505377,16.889603],[102.2487189,16.888202],[102.2498095,16.8852209],[102.2481801,16.8833704],[102.2497612,16.8812568],[102.2492382,16.8783693],[102.244492,16.8817111],[102.2462221,16.8771873],[102.2436364,16.8773863],[102.2426225,16.8751635],[102.240855,16.8762698],[102.241614,16.8784142],[102.2353457,16.8805907],[102.2335754,16.8792972],[102.2350319,16.8774466],[102.2340314,16.8751135],[102.2328217,16.8746745],[102.2316362,16.8769435],[102.2276638,16.8758989],[102.2289513,16.8734964],[102.2264944,16.8731756],[102.2244854,16.870922],[102.2266178,16.8689173],[102.2222887,16.8687659],[102.2211193,16.8654136],[102.2143976,16.8630495],[102.2137593,16.8602927],[102.2113399,16.8614889],[102.2065951,16.8611321],[102.2043099,16.8626645],[102.200662,16.8617327],[102.1994953,16.8599846],[102.190931,16.8592582],[102.188289,16.8574793],[102.1852823,16.8615967],[102.1851079,16.8667227],[102.1801351,16.8720051],[102.17476,16.8657678],[102.1716996,16.8648463],[102.1676387,16.8667022],[102.1682288,16.8704907],[102.1579532,16.8717587],[102.1577172,16.8787992],[102.1562634,16.8811451],[102.1448399,16.8807139],[102.1442901,16.8763147],[102.1409534,16.8776237],[102.1406315,16.8802853],[102.1369542,16.8784348],[102.1341915,16.8788711],[102.1322309,16.8822051],[102.1293663,16.883414],[102.1244015,16.8805805],[102.1187804,16.888844],[102.1135022,16.8873504],[102.113138,16.8918021],[102.1106895,16.8927912],[102.1106307,16.8946005],[102.1046905,16.8974478],[102.1000685,16.8961285],[102.0995254,16.8922908],[102.0963336,16.8905405],[102.0990292,16.8832874],[102.0968727,16.8825482],[102.0858623,16.8853458],[102.0834563,16.8889441],[102.0812086,16.8897474],[102.0748071,16.885593],[102.0708038,16.8851582]]]}},{"type":"Feature","properties":{"shapeName":"Loei Province"},"geometry":{"type":"Polygon","coordinates":[[[102.0808334,17.6433296],[102.0844269,17.6627731],[102.0819397,17.6744385],[102.0758209,17.6863823],[102.0705414,17.6913834],[102.0666733,17.6922188],[102.0646973,17.6897163],[102.0638733,17.681385],[102.0583191,17.6727715],[102.0560913,17.6611061],[102.0541534,17.658329],[102.0510864,17.656105],[102.0466537,17.6558304],[102.0433197,17.6572189],[102.0374908,17.6652718],[102.0335999,17.679718],[102.0288696,17.719162],[102.0227737,17.7402725],[102.0285873,17.7538872],[102.0338669,17.7766647],[102.0435867,17.7808304],[102.048027,17.7858315],[102.04776,17.7902756],[102.0413666,17.8024979],[102.0513763,17.8255539],[102.0535889,17.8597183],[102.0499878,17.8699951],[102.0372009,17.8894386],[102.036377,17.906662],[102.0272064,17.9469414],[102.0258179,17.9677734],[102.0219269,17.9819374],[102.0244293,17.9841614],[102.0285873,17.984993],[102.0372009,17.9847183],[102.0394287,17.9874954],[102.0405426,17.9911041],[102.0388794,18.0149994],[102.0549774,18.0463867],[102.0569305,18.058609],[102.0583496,18.0881996],[102.0597076,18.0969429],[102.0686035,18.1169395],[102.0736084,18.1488838],[102.0788727,18.1533279],[102.0980377,18.1624947],[102.1066437,18.1724968],[102.1083221,18.179718],[102.105219,18.213733],[102.088279,18.220272],[102.082795,18.219182],[102.04496,18.198412],[102.03656,18.172065],[102.034685,18.161359],[102.026979,18.150846],[102.023439,18.15059],[102.01844,18.147833],[101.994783,18.12397],[101.991445,18.12456],[101.982779,18.121477],[101.975107,18.114197],[101.967365,18.109803],[101.9585448,18.1011939],[101.937886,18.077401],[101.919844,18.049854],[101.914943,18.044935],[101.910397,18.033719],[101.906916,18.030899],[101.89342,18.027685],[101.888874,18.0288],[101.880279,18.027095],[101.874597,18.028472],[101.856981,18.043951],[101.839791,18.051363],[101.834961,18.051559],[101.824022,18.060414],[101.816209,18.059233],[101.800795,18.064152],[101.793833,18.064677],[101.786801,18.071433],[101.780764,18.067301],[101.768049,18.054248],[101.766273,18.054248],[101.763077,18.042967],[101.756968,18.036146],[101.755263,18.02939],[101.754198,18.005844],[101.744465,17.990829],[101.74276,17.974627],[101.729193,17.948063],[101.728838,17.943209],[101.733526,17.927598],[101.732461,17.922416],[101.723795,17.911528],[101.710583,17.902149],[101.705966,17.903985],[101.702414,17.911266],[101.695595,17.91284],[101.689486,17.911725],[101.669313,17.902805],[101.64843,17.896049],[101.631382,17.895327],[101.624989,17.892179],[101.61675,17.893556],[101.611635,17.887194],[101.61199,17.877421],[101.602614,17.857153],[101.599702,17.853283],[101.593238,17.849151],[101.58926,17.848954],[101.586277,17.851512],[101.580878,17.865876],[101.574841,17.869615],[101.569442,17.864171],[101.568093,17.852299],[101.564541,17.841148],[101.551471,17.821012],[101.5534792,17.8188229],[101.5522521,17.8093013],[101.5535885,17.8074768],[101.5608069,17.8087567],[101.5677438,17.8029036],[101.5740551,17.7912023],[101.5745505,17.7847893],[101.563419,17.7882324],[101.5523442,17.7889835],[101.548093,17.7875665],[101.5433297,17.7789582],[101.5385719,17.7752356],[101.5290855,17.7742257],[101.5232902,17.7771147],[101.5217034,17.7764753],[101.5224892,17.7732665],[101.5052059,17.7601274],[101.5043568,17.7555651],[101.4977765,17.7555667],[101.4975813,17.7499081],[101.5027867,17.74547],[101.4955733,17.7405673],[101.4941241,17.7275667],[101.4908266,17.724073],[101.4877678,17.7242652],[101.4852461,17.7272393],[101.4868289,17.7294851],[101.486107,17.7356245],[101.4918551,17.7447933],[101.4908142,17.7465046],[101.4868169,17.7463808],[101.4825728,17.7436215],[101.4774919,17.7452237],[101.475372,17.7486845],[101.4756073,17.7515342],[101.4840998,17.7550658],[101.4842451,17.7592409],[101.4821337,17.7606319],[101.4769082,17.7571323],[101.4631877,17.7538871],[101.4676365,17.7478216],[101.4647129,17.7462852],[101.4562839,17.7469906],[101.4535188,17.7381957],[101.447855,17.7365878],[101.447152,17.7288262],[101.4430361,17.7340703],[101.4375857,17.731713],[101.4250473,17.7372166],[101.4220288,17.7367779],[101.4212457,17.7305501],[101.4174147,17.729977],[101.4168845,17.7321589],[101.4184915,17.7335743],[101.417496,17.7355896],[101.4038661,17.7355576],[101.3972374,17.7289134],[101.4021691,17.7234823],[101.4169512,17.7254264],[101.4227157,17.7237985],[101.4311735,17.7176108],[101.4304277,17.7134074],[101.4214779,17.71221],[101.4169464,17.7083693],[101.4130025,17.7070947],[101.4062648,17.7007451],[101.4096662,17.6891926],[101.4052534,17.6867816],[101.4020197,17.6821324],[101.4003246,17.6831052],[101.3976993,17.6905379],[101.3863246,17.6976289],[101.3821163,17.6978274],[101.3784114,17.692433],[101.3789548,17.6826073],[101.3667317,17.6791975],[101.3642012,17.6816811],[101.3614367,17.680953],[101.3558569,17.6681843],[101.3530006,17.6672619],[101.3496473,17.6620318],[101.3458274,17.6591969],[101.3432218,17.6589517],[101.3400714,17.660884],[101.3325047,17.6544241],[101.3243889,17.6566336],[101.3215404,17.6541064],[101.3064766,17.6506957],[101.3065007,17.6467626],[101.3117246,17.6421229],[101.3116538,17.6372295],[101.3078718,17.6320262],[101.3016786,17.6339111],[101.2959431,17.6315244],[101.2927372,17.6283189],[101.2925334,17.6252337],[101.2881254,17.6230453],[101.2809789,17.6082742],[101.2794935,17.6080594],[101.2774213,17.6114343],[101.2746342,17.6109571],[101.2644292,17.603452],[101.2638895,17.6013197],[101.2592568,17.597574],[101.2599971,17.5904961],[101.2564769,17.5842851],[101.2490886,17.578272],[101.249949,17.5756196],[101.2475774,17.572407],[101.2474964,17.5618292],[101.2427135,17.5542288],[101.2394176,17.5528657],[101.2321327,17.5545986],[101.2295495,17.5363862],[101.2250073,17.5336635],[101.2204045,17.5344684],[101.2117737,17.5308193],[101.1885361,17.5310735],[101.1853757,17.5290473],[101.1821785,17.5291634],[101.1828168,17.525643],[101.1788104,17.5265439],[101.1751352,17.5244205],[101.1775063,17.5204437],[101.1766212,17.5134705],[101.1803527,17.5118647],[101.1784727,17.5095947],[101.1785486,17.506803],[101.1787728,17.5086453],[101.179975,17.508634],[101.181638,17.5047623],[101.1812946,17.5012424],[101.1833288,17.4983815],[101.1775358,17.4951751],[101.1696161,17.4940627],[101.1663537,17.4912518],[101.1635002,17.4916153],[101.1647305,17.4875205],[101.1628999,17.4830215],[101.1681781,17.4807387],[101.1648483,17.4785981],[101.1635308,17.4747257],[101.1641053,17.4699046],[101.1608308,17.4671619],[101.1497029,17.4667943],[101.1468858,17.4702842],[101.1457111,17.4786325],[101.1426273,17.4758526],[101.1310505,17.4731086],[101.1316815,17.4765155],[101.1301642,17.4809214],[101.1347976,17.4804811],[101.1364617,17.482706],[101.1353617,17.4834765],[101.1267547,17.4817789],[101.1219218,17.4841032],[101.1158374,17.4787202],[101.1099188,17.4799414],[101.1092434,17.4824767],[101.1110227,17.4850574],[101.1070747,17.4920318],[101.1047316,17.4934655],[101.1020932,17.4924531],[101.0978063,17.4954384],[101.0938452,17.4960564],[101.0960525,17.5002249],[101.099804,17.5006896],[101.1007537,17.5023133],[101.0959508,17.5050631],[101.1013612,17.5062723],[101.1032291,17.5092581],[101.094033,17.5091113],[101.0897538,17.5065611],[101.0861184,17.5066446],[101.0846093,17.503803],[101.0811493,17.5059682],[101.0818388,17.504392],[101.0800548,17.5025312],[101.0751215,17.5049298],[101.0648938,17.514925],[101.0618484,17.512062],[101.0605617,17.5194079],[101.0613521,17.5271471],[101.0473401,17.5294904],[101.0453938,17.540457],[101.0459387,17.5452068],[101.0439186,17.5454918],[101.040196,17.5411356],[101.0378285,17.5469435],[101.0331549,17.5476548],[101.0242262,17.5518132],[101.0228284,17.5547078],[101.0244487,17.5574081],[101.0213792,17.5563354],[101.0194668,17.5577492],[101.0146237,17.5573096],[101.0136605,17.5586071],[101.0101434,17.5562663],[101.0032691,17.5564742],[101.0011171,17.5597357],[100.9975336,17.5596275],[100.998738,17.5627174],[100.9924969,17.5665066],[100.9904533,17.565148],[100.9883911,17.5676629],[100.985127,17.5655832],[100.9775146,17.572415],[100.9743586,17.572676],[100.9734323,17.5688452],[100.9675502,17.5715152],[100.9655897,17.5722438],[100.965162,17.574792],[100.9629715,17.5752558],[100.9494821,17.5744296],[100.9476815,17.5722975],[100.9465613,17.5736202],[100.9416189,17.5729537],[100.9391105,17.5720122],[100.9378819,17.5694689],[100.9337311,17.5698287],[100.9323007,17.5687076],[100.9315278,17.5704507],[100.9269847,17.5699068],[100.9294281,17.5380516],[100.9249878,17.5330544],[100.9127731,17.5272217],[100.9049835,17.5205536],[100.9022064,17.5099983],[100.9055481,17.5030518],[100.9041595,17.4916611],[100.8816528,17.466938],[100.8827515,17.4552727],[100.8894272,17.447216],[100.8961029,17.4452744],[100.9016571,17.4405518],[100.9024811,17.4372177],[100.9010925,17.4252739],[100.9102631,17.4119415],[100.9097137,17.390831],[100.9033203,17.3741646],[100.9010925,17.3572197],[100.9019318,17.3361092],[100.9035873,17.3291626],[100.9058228,17.3269424],[100.9155426,17.3269424],[100.9330368,17.3324966],[100.9410934,17.3313866],[100.947197,17.3280525],[100.9552612,17.3263855],[100.9808197,17.3294411],[100.9910889,17.3255539],[100.9949799,17.3202744],[100.9949799,17.3083305],[100.996933,17.3055534],[101.0013886,17.3008308],[101.0047073,17.2994423],[101.0130463,17.3005524],[101.0205383,17.2986069],[101.0233231,17.2961082],[101.0341492,17.2752762],[101.0402679,17.2713852],[101.0660934,17.2694435],[101.0713806,17.2649994],[101.0811005,17.2436066],[101.0913696,17.2297173],[101.0952606,17.2199936],[101.0952606,17.2158279],[101.0849915,17.1927719],[101.0719299,17.177494],[101.0677567,17.1680527],[101.0641479,17.1527748],[101.0646973,17.1399956],[101.0627594,17.1238861],[101.0657597,17.1045288],[101.0638509,17.1009761],[101.0571241,17.0950245],[101.0607366,17.0907017],[101.0613394,17.0870528],[101.0578233,17.0818673],[101.0529007,17.080907],[101.0509434,17.0775092],[101.0524806,17.074671],[101.0565794,17.072408],[101.0590657,17.0611353],[101.057724,17.0569852],[101.0559401,17.0557703],[101.0584088,17.0478364],[101.0550877,17.0438852],[101.0582843,17.0294863],[101.0533117,17.0298939],[101.0474746,17.016837],[101.044491,17.0169049],[101.0399447,17.0114707],[101.0341665,17.0131704],[101.0303765,17.0074942],[101.0318623,16.9995645],[101.0353313,16.997493],[101.0356752,16.9912277],[101.037075,16.9892382],[101.042017,16.9872034],[101.0424028,16.9831918],[101.0496318,16.9736973],[101.0464431,16.9727749],[101.0445757,16.965852],[101.0516632,16.957309],[101.0513816,16.9560397],[101.0431964,16.9529401],[101.0388054,16.9472679],[101.0289303,16.9444249],[101.0269696,16.9416439],[101.0269696,16.9377567],[101.0349524,16.9306417],[101.0439297,16.9273142],[101.0644282,16.9279283],[101.0709692,16.9242135],[101.0730138,16.9177742],[101.0669201,16.8998228],[101.0753699,16.9006827],[101.0963669,16.8980522],[101.0999908,16.8988838],[101.1058197,16.9030495],[101.1041565,16.9149971],[101.106369,16.9222183],[101.1208191,16.926384],[101.1238709,16.9366608],[101.1222076,16.9444389],[101.1222076,16.9574966],[101.1285934,16.9749947],[101.1316528,16.9947166],[101.1244202,17.0108299],[101.1235962,17.0186081],[101.1255264,17.0311089],[101.1299667,17.0358315],[101.137207,17.0386086],[101.1572113,17.0383301],[101.1649933,17.0408325],[101.1699829,17.0449982],[101.1797028,17.0633316],[101.1888733,17.0730515],[101.1930389,17.0822182],[101.1952515,17.0902748],[101.192749,17.1005516],[101.1924667,17.1091614],[101.1983185,17.1127739],[101.2127686,17.1169395],[101.2219162,17.1161079],[101.231369,17.1116638],[101.2722168,17.0813866],[101.2835999,17.078331],[101.2922134,17.0788841],[101.2994232,17.0813866],[101.3069305,17.0794411],[101.3155365,17.0652733],[101.3183289,17.0630531],[101.3255463,17.0641632],[101.3377686,17.0716629],[101.3427322,17.0798286],[101.3427716,17.0839175],[101.3450471,17.085203],[101.3506641,17.0822829],[101.3569746,17.0822742],[101.3593504,17.0810051],[101.3727636,17.0891518],[101.3820001,17.0807563],[101.3928624,17.078777],[101.3953797,17.0820475],[101.3950022,17.0864233],[101.4036054,17.0909048],[101.417255,17.0818373],[101.4257869,17.0792791],[101.4303063,17.0736497],[101.4356451,17.0723004],[101.440815,17.0728606],[101.4513476,17.0846685],[101.4575116,17.0888501],[101.4620973,17.094952],[101.4748392,17.0877296],[101.4848486,17.0703791],[101.487819,17.0678823],[101.497048,17.0694712],[101.5095101,17.0619934],[101.5122834,17.0529495],[101.5170703,17.052152],[101.5212887,17.0545384],[101.5319006,17.0549711],[101.5368979,17.0429155],[101.5313447,17.0308613],[101.5419312,17.0],[101.5535889,16.9933281],[101.5627594,16.992218],[101.5758209,16.9936066],[101.5858231,16.9963837],[101.602478,17.0041656],[101.6088715,17.0119438],[101.6149902,17.0280533],[101.6235962,17.0391655],[101.6344299,17.0466652],[101.6416626,17.0488853],[101.64888,17.0463867],[101.6522064,17.0233307],[101.661377,17.0094414],[101.6683197,16.988884],[101.6830368,16.9577713],[101.6891479,16.9499969],[101.7049866,16.9369392],[101.7121964,16.926384],[101.7180481,16.9136086],[101.7194366,16.9016609],[101.7147064,16.8286095],[101.7172089,16.8224983],[101.7183274,16.8098176],[101.7069704,16.8080528],[101.7003367,16.8100284],[101.6926711,16.8053715],[101.6867354,16.7989566],[101.7060859,16.7827909],[101.7109721,16.770935],[101.7165627,16.7625807],[101.7247994,16.7549282],[101.737416,16.7543866],[101.744969,16.7567555],[101.7639655,16.7561878],[101.7671121,16.7590294],[101.7752246,16.7589911],[101.7878626,16.7641205],[101.7988663,16.7705536],[101.8211136,16.7763863],[101.8330536,16.7827759],[101.8472137,16.7880516],[101.8588715,16.7897186],[101.8649902,16.7922211],[101.8708191,16.7958298],[101.8763733,16.8044434],[101.8813629,16.8091621],[101.9016571,16.8163872],[101.9363709,16.8383293],[101.9492561,16.8403729],[101.9445245,16.8480847],[101.9438709,16.8529803],[101.9469086,16.8497146],[101.9524847,16.84848],[101.9547318,16.8496748],[101.9549398,16.847564],[101.9564379,16.8470064],[101.9622636,16.8527812],[101.9633456,16.8501925],[101.9623885,16.8478826],[101.9641778,16.8465683],[101.9659672,16.8474047],[101.9657294,16.8448491],[101.9692488,16.8473152],[101.97038,16.8418015],[101.9745488,16.8404782],[101.9790738,16.8453503],[101.9788643,16.8398767],[101.9819437,16.844027],[101.987558,16.8438065],[101.9865943,16.8406386],[101.9898204,16.8414807],[101.9910564,16.8399368],[101.9941778,16.8400571],[101.9964193,16.8413804],[101.995707,16.8450095],[101.9968801,16.8453704],[101.9975505,16.8432451],[101.9996454,16.8447087],[101.9964612,16.8500419],[101.9988703,16.8512649],[101.9991217,16.8490996],[102.0006928,16.8489793],[102.0059719,16.8543926],[102.004782,16.8563806],[102.0027178,16.8551346],[102.0016283,16.8567231],[102.0027634,16.8590821],[101.9998918,16.8586647],[101.9997105,16.8604605],[102.0051339,16.8623718],[102.0046238,16.8639263],[102.0102978,16.8704911],[102.0118419,16.8705778],[102.0120482,16.868348],[102.0158124,16.8644048],[102.0179474,16.8647448],[102.0194943,16.869188],[102.023286,16.8668425],[102.0262816,16.8624119],[102.0285441,16.8617905],[102.032273,16.8637952],[102.0400449,16.8584023],[102.0454497,16.8610687],[102.045324,16.8635547],[102.0433758,16.8651184],[102.0446117,16.8679251],[102.0484663,16.8672835],[102.0511477,16.8696692],[102.0565316,16.8678048],[102.0602395,16.8711928],[102.0555155,16.8756231],[102.0637065,16.8815969],[102.063476,16.8874502],[102.0672259,16.8868088],[102.0685875,16.8895349],[102.0702215,16.8892944],[102.0708038,16.8851582],[102.0708313,16.8888855],[102.0524673,16.9127731],[102.0435867,16.931385],[102.0330505,16.9486046],[102.0333328,16.9558296],[102.0452576,16.9624939],[102.0833282,16.9758263],[102.0938721,16.9836044],[102.1091537,17.0005531],[102.1155396,17.0041656],[102.152771,17.0177765],[102.1538696,17.0216637],[102.1461029,17.0277748],[102.1333313,17.0341644],[102.1291504,17.038887],[102.1271973,17.0463867],[102.1224823,17.0508308],[102.11026,17.0572205],[102.1080322,17.0641632],[102.11026,17.0713844],[102.109993,17.0752754],[102.0958328,17.098053],[102.0885925,17.1052742],[102.0813828,17.1077728],[102.0694427,17.1086082],[102.0549774,17.1180534],[102.04776,17.1208305],[102.0302734,17.1227722],[102.0133209,17.1341629],[102.0063782,17.1372185],[101.9897003,17.1394386],[101.977478,17.1463852],[101.9569397,17.1674957],[101.9533234,17.1736069],[101.9460907,17.197773],[101.9449768,17.2061043],[101.9491425,17.2155495],[101.981369,17.2447166],[101.9830475,17.2527771],[101.9802704,17.2588882],[101.9791565,17.2672195],[101.9844208,17.2811089],[102.0049896,17.3024979],[102.0163879,17.310276],[102.0244293,17.3205528],[102.0255432,17.3241653],[102.0260925,17.327774],[102.0188828,17.344162],[102.0186005,17.3483315],[102.0230408,17.3633308],[102.0216522,17.3669395],[102.0186005,17.3730507],[101.9947128,17.3961067],[101.9894333,17.4041634],[101.9844208,17.4174957],[101.9827576,17.4336052],[101.984993,17.445549],[101.9885864,17.4513855],[101.9958191,17.4538841],[102.0169373,17.4508286],[102.0427628,17.452774],[102.0499878,17.4502716],[102.0627594,17.4488831],[102.0716629,17.44944],[102.0788727,17.4519386],[102.0935974,17.4602737],[102.1033173,17.469162],[102.1249771,17.4802742],[102.1299667,17.4847183],[102.1330414,17.4913826],[102.1322021,17.4983292],[102.1363831,17.5049973],[102.1422119,17.5086098],[102.1438828,17.5113869],[102.144989,17.515831],[102.1394272,17.5327759],[102.1361084,17.5519409],[102.1330414,17.5583305],[102.1260834,17.5652733],[102.1224823,17.5711098],[102.1219177,17.5824966],[102.1144333,17.5886078],[102.1138763,17.5969429],[102.1041565,17.6105537],[102.0952606,17.6158295],[102.0905533,17.621109],[102.0894318,17.6283302],[102.0808334,17.6433296]]]}},{"type":"Feature","properties":{"shapeName":"Kalasin"},"geometry":{"type":"Polygon","coordinates":[[[104.2440491,16.4328918],[104.243042,16.4380493],[104.2460938,16.4538841],[104.2441406,16.4611053],[104.2374878,16.4730492],[104.2363663,16.4802742],[104.2394333,16.4966621],[104.2405396,16.5213852],[104.2358093,16.5308304],[104.2260895,16.5397186],[104.2241516,16.5469437],[104.2244263,16.554718],[104.2210999,16.5608292],[104.2119293,16.5708313],[104.2049866,16.5866623],[104.1969299,16.5966644],[104.1860962,16.6047173],[104.1816635,16.6186066],[104.180542,16.6266632],[104.1813736,16.635273],[104.1777573,16.6494408],[104.1819305,16.6594391],[104.1866531,16.6647186],[104.1869202,16.6688843],[104.1841431,16.6708298],[104.1763763,16.6724968],[104.1697083,16.6799965],[104.1680527,16.6869392],[104.1710968,16.6933289],[104.1708221,16.6974945],[104.1572113,16.7024956],[104.1510925,16.7236061],[104.1380463,16.7341614],[104.1349869,16.7402725],[104.1333313,16.7563858],[104.1160889,16.7722206],[104.102478,16.790554],[104.0935974,16.805275],[104.0800018,16.814827],[104.0755463,16.8197174],[104.0724869,16.826107],[104.0728531,16.8324013],[104.0697174,16.8383293],[104.0574799,16.8449974],[104.0491486,16.845829],[104.0413666,16.8444405],[104.0374908,16.8455505],[104.0324936,16.8502731],[104.0308228,16.8577728],[104.0280533,16.8591614],[104.024147,16.8583298],[104.0213776,16.8566628],[104.0136108,16.8455505],[104.0086136,16.8408318],[104.0027771,16.8377762],[103.9877625,16.8344421],[103.9822083,16.829998],[103.9791565,16.8241653],[103.9777679,16.8158302],[103.9752731,16.8138847],[103.9719162,16.8147202],[103.9669266,16.8197174],[103.9627686,16.8197174],[103.9597168,16.8177757],[103.9549866,16.8083305],[103.9519272,16.7969437],[103.9533234,16.7802773],[103.947197,16.7763863],[103.9430389,16.7761078],[103.9374771,16.7797203],[103.9291534,16.790554],[103.9158173,16.8005524],[103.9066467,16.810276],[103.8977737,16.8152733],[103.8794327,16.8208313],[103.8647003,16.8311081],[103.860527,16.8355522],[103.8505402,16.8394394],[103.8449936,16.8433304],[103.8410873,16.8486061],[103.8369293,16.8624954],[103.8291626,16.8733292],[103.7944336,16.8913841],[103.7869263,16.9019394],[103.781662,16.9149971],[103.7797089,16.9272194],[103.7869263,16.947773],[103.7841492,16.9586067],[103.7783203,16.966938],[103.7722168,16.9699936],[103.7594299,16.9722176],[103.7536011,16.9752731],[103.7366486,16.9919395],[103.7241516,16.9980507],[103.7169266,17.0097198],[103.7108231,17.0133324],[103.7066498,17.0133324],[103.6941376,17.0244408],[103.6769333,17.0233307],[103.6608124,17.0161095],[103.6558228,17.0163879],[103.6494293,17.0194435],[103.6441498,17.0236092],[103.6430511,17.0269432],[103.6446533,17.0340271],[103.6493988,17.0405617],[103.6500052,17.0435536],[103.6496964,17.04739],[103.6458282,17.0519409],[103.6408234,17.0549965],[103.6319275,17.0705528],[103.6230316,17.0822182],[103.6169281,17.0886078],[103.6094208,17.0933304],[103.5986023,17.0947189],[103.5833282,17.1005516],[103.5766602,17.1011086],[103.5711136,17.094162],[103.5544281,17.0902748],[103.5472107,17.0905533],[103.5447083,17.0849953],[103.5322113,17.0763855],[103.5280533,17.0683289],[103.5180511,17.0574989],[103.5155487,17.0516624],[103.5061035,17.0449982],[103.5055466,17.0411072],[103.5108185,17.0261078],[103.5094299,16.9955482],[103.5086136,16.992218],[103.5010986,16.9833298],[103.497757,16.9744377],[103.4844208,16.9591599],[103.4802704,16.9349937],[103.4835968,16.9138832],[103.4824829,16.9030495],[103.4810867,16.9002724],[103.4772034,16.8997192],[103.4744263,16.8905525],[103.4691467,16.8877754],[103.4599915,16.8722191],[103.4494171,16.8622169],[103.44664,16.8530502],[103.4416504,16.845829],[103.4433136,16.8391647],[103.4424667,16.8361092],[103.4341125,16.8246803],[103.430542,16.8291626],[103.4258118,16.8427734],[103.4269333,16.8555527],[103.4244232,16.8794403],[103.4141464,16.8922195],[103.3983307,16.9047165],[103.3833313,16.908329],[103.3688736,16.9180527],[103.3441467,16.9269409],[103.3230362,16.9244385],[103.310257,16.926384],[103.3002625,16.9308281],[103.2916565,16.9413834],[103.2813721,16.94944],[103.2691498,16.9522171],[103.2579277,16.9527339],[103.2517865,16.9568995],[103.231369,16.9627724],[103.2255402,16.9608269],[103.2188721,16.9522171],[103.211113,16.951107],[103.1902618,16.9547157],[103.1758118,16.951107],[103.1436005,16.9583282],[103.1338806,16.9541626],[103.1291504,16.9488831],[103.1255264,16.9430504],[103.1174774,16.9186058],[103.1129837,16.912632],[103.1222076,16.908329],[103.1302567,16.9024963],[103.1341629,16.8922195],[103.1330414,16.8805504],[103.1197128,16.8558311],[103.118042,16.8488846],[103.1183167,16.8361092],[103.1213684,16.8294411],[103.1271973,16.8252754],[103.1308136,16.8249969],[103.1383209,16.8274956],[103.1441498,16.8313866],[103.1510925,16.8374977],[103.1549835,16.8430519],[103.1572113,16.8502731],[103.1563721,16.8624954],[103.1635971,16.8641624],[103.1763763,16.8636093],[103.1802673,16.8624954],[103.1858063,16.8583298],[103.1835938,16.851387],[103.1844177,16.8477745],[103.1921997,16.8369408],[103.1947021,16.8308296],[103.1933136,16.8044434],[103.1891479,16.7858315],[103.1822128,16.7733307],[103.17276,16.7638855],[103.1644287,16.7583313],[103.1608124,16.7524986],[103.161377,16.7488823],[103.1672134,16.7408295],[103.168869,16.7333298],[103.1683197,16.7211075],[103.1594162,16.7063828],[103.1597137,16.7024956],[103.1697083,16.6755524],[103.1691437,16.6716614],[103.1649933,16.6658287],[103.1633072,16.6586075],[103.1625137,16.643425],[103.1738663,16.6394386],[103.2002716,16.6374969],[103.2027664,16.6308289],[103.2013931,16.6227722],[103.1994171,16.6199951],[103.1855316,16.6099968],[103.180542,16.6016617],[103.1860962,16.5758286],[103.1847076,16.5666656],[103.1955338,16.5497208],[103.1949768,16.5452766],[103.1885834,16.5322189],[103.1774673,16.5019417],[103.1752625,16.4947166],[103.1752625,16.4858284],[103.1794281,16.466938],[103.1830368,16.4619408],[103.1913605,16.4561043],[103.1977463,16.4391632],[103.196373,16.4269409],[103.1913605,16.4224968],[103.1863709,16.4091606],[103.1774673,16.3988838],[103.176651,16.3905525],[103.1841431,16.3666649],[103.1930389,16.3602753],[103.2061005,16.3605537],[103.2763824,16.3777733],[103.2827606,16.3811073],[103.2949829,16.4016609],[103.297493,16.4044418],[103.3008118,16.4055519],[103.3066406,16.3930511],[103.3080292,16.3811073],[103.3069305,16.3769417],[103.3108063,16.367218],[103.3216629,16.363884],[103.3397064,16.363884],[103.3463669,16.3602753],[103.3577576,16.348053],[103.3649902,16.3197174],[103.3708191,16.3080521],[103.3735962,16.3055534],[103.3810883,16.303051],[103.3897095,16.2891655],[103.3924866,16.2874985],[103.3999863,16.284996],[103.4085999,16.285553],[103.4172134,16.2841644],[103.4197083,16.2813873],[103.426651,16.2444382],[103.4271393,16.2313538],[103.4330368,16.2249947],[103.4413605,16.2241631],[103.4424667,16.2211075],[103.4416504,16.2097168],[103.446373,16.2022171],[103.4483185,16.196106],[103.4505463,16.1941605],[103.4508209,16.1880493],[103.453598,16.1866608],[103.4591522,16.1891632],[103.4708328,16.2019386],[103.4758072,16.2052727],[103.4824829,16.2044411],[103.4919281,16.2077713],[103.4949799,16.2069397],[103.4980316,16.2016602],[103.5005493,16.2002716],[103.5111389,16.1982918],[103.5208282,16.201107],[103.527771,16.2063828],[103.5333328,16.2133293],[103.5372009,16.2213821],[103.5405426,16.2205505],[103.5410919,16.216938],[103.5435867,16.215271],[103.5566406,16.2183266],[103.5591431,16.2166634],[103.5569305,16.2066612],[103.5616531,16.2030487],[103.5797119,16.2002716],[103.5963669,16.2005501],[103.6005402,16.1963844],[103.6108093,16.1988831],[103.6136017,16.2041626],[103.6094208,16.2113838],[103.6016464,16.2161064],[103.6038666,16.2180519],[103.6074829,16.218605],[103.6147003,16.217495],[103.6258087,16.2113838],[103.6358185,16.1930504],[103.6422119,16.1911049],[103.6455383,16.1911049],[103.6541595,16.1988831],[103.6574936,16.1991615],[103.6658173,16.1952744],[103.6713715,16.1986046],[103.6716537,16.2022171],[103.6633072,16.2099953],[103.6627731,16.216938],[103.6652679,16.222496],[103.6683197,16.2230492],[103.6710968,16.2177734],[103.6783066,16.217495],[103.6908112,16.2141609],[103.6930389,16.2163696],[103.6935425,16.2235603],[103.6991272,16.2263565],[103.7033234,16.2224617],[103.7155533,16.2219391],[103.723999,16.2191658],[103.7305527,16.2311058],[103.73526,16.2505531],[103.748664,16.257636],[103.7535807,16.2651118],[103.755374,16.2707246],[103.7530764,16.2749923],[103.7506599,16.2906602],[103.7513886,16.3038864],[103.7488709,16.3097191],[103.7441406,16.3144417],[103.7252731,16.3288841],[103.7233124,16.3358307],[103.7241516,16.3430519],[103.7208328,16.3541641],[103.7052612,16.3713837],[103.7022095,16.3769417],[103.7019272,16.3816643],[103.7072067,16.3858299],[103.7233124,16.3924942],[103.731369,16.3986053],[103.7447128,16.4133301],[103.7694397,16.4299965],[103.8035889,16.4572182],[103.8219299,16.4663849],[103.8349915,16.4672165],[103.8477631,16.4658279],[103.868042,16.469162],[103.8722076,16.468605],[103.894989,16.4533272],[103.9080429,16.4538841],[103.9155426,16.4516602],[103.9213715,16.4436073],[103.9335938,16.4413834],[103.9555511,16.4413834],[103.9702606,16.4369392],[103.9791565,16.4358292],[103.9874878,16.4372177],[103.9974823,16.445549],[104.0008163,16.4466629],[104.0158234,16.4424934],[104.0402679,16.4411049],[104.0415802,16.4399223],[104.0469437,16.3966637],[104.0463867,16.3892288],[104.0627594,16.3933296],[104.0688782,16.4013863],[104.0769272,16.4074974],[104.098877,16.4174957],[104.1388931,16.4286079],[104.1508179,16.4391632],[104.1572113,16.4430504],[104.1644287,16.4449959],[104.17276,16.446106],[104.1774673,16.4452744],[104.1802673,16.4438858],[104.1860962,16.4358292],[104.1894226,16.4338837],[104.197197,16.4324951],[104.2011032,16.4327736],[104.2147064,16.4383278],[104.2341537,16.4324951],[104.2440491,16.4328918]]]}},{"type":"Feature","properties":{"shapeName":"Udon Thani Province"},"geometry":{"type":"Polygon","coordinates":[[[102.68839,16.9869806],[102.6916504,17.0044441],[102.6910934,17.0302773],[102.6924667,17.0383301],[102.7049866,17.0544434],[102.71138,17.0705528],[102.7163773,17.076107],[102.7202606,17.0763855],[102.7249908,17.0674973],[102.7244263,17.0511093],[102.727478,17.0449982],[102.7322083,17.0402756],[102.7583313,17.0319405],[102.7641602,17.0288849],[102.7744293,17.0202751],[102.7877731,17.0136108],[102.798317,17.0063858],[102.8052521,16.9986038],[102.8077469,16.9924927],[102.8130264,16.9877739],[102.8299866,16.9808273],[102.8336029,16.9755516],[102.8336029,16.9683266],[102.8213806,16.9613838],[102.8208313,16.9577713],[102.8280487,16.9469414],[102.8302765,16.9397163],[102.8277664,16.9141617],[102.8327637,16.8924942],[102.832489,16.8755531],[102.836113,16.8697166],[102.8397064,16.8683281],[102.8480377,16.869442],[102.8694305,16.8805504],[102.8777618,16.8816643],[102.8858185,16.8788834],[102.8899765,16.8788834],[102.9002686,16.8744392],[102.9116516,16.867218],[102.9260864,16.8491631],[102.9344177,16.8433304],[102.946373,16.8405533],[102.9636078,16.8413849],[102.989151,16.848053],[103.0113831,16.8591614],[103.0597076,16.8894386],[103.0952606,16.9011078],[103.1074829,16.9074974],[103.1129837,16.912632],[103.1174774,16.9186058],[103.1255264,16.9430504],[103.1291504,16.9488831],[103.1338806,16.9541626],[103.1436005,16.9583282],[103.1758118,16.951107],[103.1902618,16.9547157],[103.211113,16.951107],[103.2188721,16.9522171],[103.2255402,16.9608269],[103.231369,16.9627724],[103.2517865,16.9568995],[103.2579277,16.9527339],[103.2691498,16.9522171],[103.2813721,16.94944],[103.2916565,16.9413834],[103.3002625,16.9308281],[103.310257,16.926384],[103.3230362,16.9244385],[103.3441467,16.9269409],[103.3688736,16.9180527],[103.3833313,16.908329],[103.3983307,16.9047165],[103.4141464,16.8922195],[103.4244232,16.8794403],[103.4269333,16.8555527],[103.4258118,16.8427734],[103.430542,16.8291626],[103.4341125,16.8246803],[103.4424667,16.8361092],[103.4433136,16.8391647],[103.4416504,16.845829],[103.44664,16.8530502],[103.4494171,16.8622169],[103.4599915,16.8722191],[103.4691467,16.8877754],[103.4744263,16.8905525],[103.4772034,16.8997192],[103.4810867,16.9002724],[103.4824829,16.9030495],[103.4835968,16.9138832],[103.4802704,16.9349937],[103.4844208,16.9591599],[103.497757,16.9744377],[103.5010986,16.9833298],[103.5086136,16.992218],[103.5094299,16.9955482],[103.5108185,17.0261078],[103.5055466,17.0411072],[103.5061035,17.0449982],[103.5155487,17.0516624],[103.5180511,17.0574989],[103.5280533,17.0683289],[103.5322113,17.0763855],[103.5447083,17.0849953],[103.5472107,17.0905533],[103.5544281,17.0902748],[103.5711136,17.094162],[103.5766602,17.1011086],[103.5833282,17.1005516],[103.5986023,17.0947189],[103.6094208,17.0933304],[103.6169281,17.0886078],[103.6230316,17.0822182],[103.6319275,17.0705528],[103.6408234,17.0549965],[103.6458282,17.0519409],[103.6496964,17.04739],[103.6500052,17.0435536],[103.6561163,17.0439122],[103.6586188,17.0461323],[103.6575125,17.0544675],[103.6538885,17.0600217],[103.6505621,17.0697415],[103.6508368,17.073911],[103.6566656,17.0872433],[103.6580618,17.1000226],[103.656391,17.1033528],[103.6486319,17.1086323],[103.6302756,17.1089108],[103.6269415,17.1108525],[103.6233252,17.116689],[103.6191595,17.1300214],[103.6138952,17.1389095],[103.6052817,17.1483547],[103.5936163,17.156129],[103.5908392,17.1627971],[103.5880621,17.1647426],[103.5844458,17.1658527],[103.5727881,17.1639072],[103.5633276,17.15891],[103.5563925,17.1608516],[103.5283392,17.1894619],[103.5066717,17.2014095],[103.4788855,17.2119648],[103.4733313,17.215295],[103.4683417,17.2202961],[103.4638708,17.2315494],[103.4566687,17.2227947],[103.4491614,17.2177974],[103.4399908,17.2147419],[103.4319494,17.2150203],[103.4197272,17.219186],[103.4022253,17.2166874],[103.3549994,17.2355739],[103.3425024,17.2483532],[103.3369482,17.2511341],[103.3194616,17.2541896],[103.3008307,17.2605793],[103.2738989,17.2627994],[103.2691687,17.2664119],[103.2675055,17.2727977],[103.2522314,17.2941868],[103.2461127,17.308633],[103.2463873,17.3155758],[103.2619513,17.3291866],[103.2647284,17.342519],[103.2722357,17.3555767],[103.2758368,17.367799],[103.2924994,17.3841869],[103.2930716,17.3877994],[103.2913855,17.3941852],[103.2783392,17.410577],[103.2700079,17.4305736],[103.2702826,17.4380733],[103.2761114,17.4486286],[103.2797278,17.4611293],[103.2808417,17.4802982],[103.2880591,17.4897396],[103.2911108,17.5025226],[103.3066595,17.515855],[103.3138922,17.5408565],[103.3152807,17.5436336],[103.3244513,17.5508548],[103.3280676,17.5675213],[103.3369482,17.5791866],[103.3413885,17.5827991],[103.3508261,17.5861332],[103.363056,17.581689],[103.3699988,17.5830776],[103.3783301,17.5911304],[103.3897284,17.59641],[103.3939017,17.59641],[103.4019507,17.5919658],[103.4036062,17.5944645],[103.3986319,17.6016857],[103.3950079,17.6105777],[103.3963965,17.6291858],[103.3947256,17.6441852],[103.3994482,17.6639072],[103.3947256,17.6794635],[103.3947256,17.6836292],[103.4036062,17.7147419],[103.4050024,17.7291843],[103.4005621,17.7450191],[103.3947256,17.7516872],[103.3836325,17.7505771],[103.3797186,17.7508556],[103.3774908,17.7528011],[103.3736151,17.7611324],[103.374172,17.7689106],[103.3730505,17.7719661],[103.3663977,17.7775203],[103.3650091,17.7803013],[103.3672217,17.7864086],[103.374172,17.7916881],[103.3730505,17.7983562],[103.3752783,17.8080761],[103.374172,17.8150226],[103.3752783,17.8177997],[103.3802756,17.8211338],[103.3780554,17.8333561],[103.3847387,17.8391887],[103.39307,17.8308536],[103.4014013,17.8347446],[103.4122198,17.8355762],[103.4094351,17.8400203],[103.3958471,17.8433544],[103.3936194,17.8452999],[103.3933523,17.848077],[103.3983496,17.8552982],[103.3994787,17.866521],[103.3763733,17.8577728],[103.3555527,17.8558311],[103.3444366,17.8527756],[103.3252716,17.8344421],[103.3155365,17.829998],[103.3077469,17.8319397],[103.2958221,17.8388863],[103.2874908,17.84972],[103.2758179,17.8699951],[103.2694397,17.8774948],[103.2638931,17.8813858],[103.2494202,17.8716621],[103.2174835,17.8624954],[103.2019272,17.8538857],[103.1919327,17.8411064],[103.1880264,17.8302765],[103.1838684,17.8111076],[103.1774673,17.803051],[103.1719208,17.7997208],[103.1647034,17.8022194],[103.1569366,17.8094406],[103.1455383,17.8249969],[103.1361084,17.8302765],[103.121521,17.8332405],[103.1172791,17.8374939],[103.1152573,17.847496],[103.1038666,17.8483315],[103.0991516,17.8599968],[103.0840073,17.8616142],[103.0813828,17.8630524],[103.0758209,17.8741646],[103.0683289,17.8763847],[103.0577469,17.889164],[103.0538635,17.888607],[103.0544281,17.8763847],[103.0533066,17.8733292],[103.0502625,17.871109],[103.0374908,17.871109],[103.0299835,17.868885],[103.0274811,17.8663864],[103.0249863,17.8599968],[103.0141602,17.8466644],[103.0119324,17.8399963],[103.0036011,17.8338852],[102.9949799,17.8241653],[102.9885864,17.8202744],[102.9847107,17.8199959],[102.981369,17.8208313],[102.9791565,17.8238869],[102.9710999,17.8469429],[102.961647,17.8563843],[102.9541626,17.8722191],[102.9435883,17.8844414],[102.9366531,17.8874969],[102.9149933,17.8863831],[102.9005432,17.8894386],[102.8899765,17.8897171],[102.8866577,17.8880501],[102.8808136,17.8794403],[102.8816528,17.8716621],[102.8863831,17.8627739],[102.8858185,17.8583298],[102.8833313,17.8561058],[102.8755264,17.8408318],[102.8633118,17.8338852],[102.8594208,17.8236084],[102.8549805,17.8191643],[102.8538666,17.8149986],[102.8483276,17.806942],[102.8530426,17.7972183],[102.8549805,17.7866631],[102.8585968,17.7811089],[102.8638763,17.7766647],[102.8655396,17.7697182],[102.8636017,17.7477722],[102.8580322,17.7394371],[102.8583221,17.7352715],[102.8633118,17.7263832],[102.86026,17.7205505],[102.8491516,17.7116623],[102.8472137,17.6958275],[102.8455429,17.6924934],[102.8380432,17.6861076],[102.8277664,17.6822166],[102.8197174,17.6811066],[102.8035889,17.6738853],[102.7947083,17.6683273],[102.7877731,17.6616631],[102.7835999,17.6563835],[102.7824936,17.6436081],[102.7780533,17.6341629],[102.7791595,17.6255531],[102.7769318,17.6191635],[102.7538834,17.6094398],[102.7435913,17.6011086],[102.7358093,17.5994415],[102.731369,17.6005516],[102.7244263,17.6030502],[102.7160873,17.6088867],[102.7088776,17.6099968],[102.6780396,17.5938873],[102.6672134,17.5908318],[102.6619263,17.5916634],[102.6597137,17.5938873],[102.6544266,17.6063843],[102.6502686,17.6116638],[102.6296997,17.615551],[102.6208191,17.6205521],[102.6052628,17.6174965],[102.6041565,17.6205521],[102.6108093,17.6327744],[102.6113663,17.63694],[102.6110992,17.6449966],[102.6055527,17.6708298],[102.610527,17.6899948],[102.5877686,17.7094383],[102.5716629,17.717495],[102.5494232,17.7377739],[102.5352631,17.7552757],[102.5319366,17.7569427],[102.5188828,17.7563858],[102.4980316,17.7524986],[102.4808197,17.7524986],[102.4655533,17.7563858],[102.4627686,17.7586098],[102.4586029,17.7638855],[102.4569397,17.7702751],[102.4388733,17.7902756],[102.4380264,17.7944412],[102.4438629,17.806942],[102.4447021,17.8147202],[102.4399719,17.8199959],[102.4308167,17.8202744],[102.4238663,17.8233299],[102.4144287,17.8369408],[102.4091492,17.8411064],[102.4052582,17.8508301],[102.4038696,17.8713837],[102.3997192,17.8808289],[102.3922119,17.8919411],[102.3766479,17.9002724],[102.3699799,17.9119415],[102.3672028,17.9138832],[102.3499908,17.9208298],[102.3383179,17.9286079],[102.3333282,17.9369392],[102.3316727,17.9447174],[102.3272095,17.9497185],[102.3063736,17.9622154],[102.2944336,17.9730492],[102.2752686,17.9788818],[102.2619324,17.9847183],[102.2413635,18.0013885],[102.2241516,18.0041656],[102.2138824,18.0077744],[102.211113,18.0097198],[102.2083282,18.0166664],[102.2041626,18.0219421],[102.1958237,18.0161095],[102.1797028,18.0136108],[102.1655426,17.9947166],[102.1627731,17.9924927],[102.1558228,17.990551],[102.1530533,17.9919395],[102.1408234,18.0124969],[102.141098,18.0166664],[102.1497192,18.0308304],[102.1477737,18.033886],[102.1313629,18.0330544],[102.1280365,18.0344429],[102.118042,18.0474968],[102.1188736,18.056385],[102.1174774,18.0599976],[102.1108093,18.0624962],[102.0960999,18.0574989],[102.0924835,18.056942],[102.0885925,18.058609],[102.0811005,18.0647202],[102.0752716,18.072773],[102.0619202,18.0827751],[102.0583496,18.0881996],[102.0569305,18.058609],[102.0549774,18.0463867],[102.0388794,18.0149994],[102.0405426,17.9911041],[102.0394287,17.9874954],[102.0372009,17.9847183],[102.0285873,17.984993],[102.0244293,17.9841614],[102.0219269,17.9819374],[102.0258179,17.9677734],[102.0272064,17.9469414],[102.036377,17.906662],[102.0372009,17.8894386],[102.0499878,17.8699951],[102.0535889,17.8597183],[102.0513763,17.8255539],[102.0413666,17.8024979],[102.04776,17.7902756],[102.048027,17.7858315],[102.0435867,17.7808304],[102.0338669,17.7766647],[102.0285873,17.7538872],[102.0227737,17.7402725],[102.0288696,17.719162],[102.0335999,17.679718],[102.0374908,17.6652718],[102.0433197,17.6572189],[102.0466537,17.6558304],[102.0510864,17.656105],[102.0541534,17.658329],[102.0560913,17.6611061],[102.0583191,17.6727715],[102.0638733,17.681385],[102.0646973,17.6897163],[102.0666733,17.6922188],[102.0705414,17.6913834],[102.0758209,17.6863823],[102.0819397,17.6744385],[102.0844269,17.6627731],[102.0808334,17.6433296],[102.1027061,17.6456999],[102.1146138,17.6566687],[102.1201706,17.6441869],[102.1380321,17.6407826],[102.1459705,17.6528864],[102.1574812,17.6604509],[102.1547028,17.6717969],[102.1717704,17.6752006],[102.1932041,17.6593162],[102.2876712,17.6547775],[102.2765575,17.6702842],[102.3265695,17.6808733],[102.3325233,17.6782261],[102.3285541,17.6483476],[102.3337141,17.6362435],[102.3380802,17.5889541],[102.3476063,17.5817651],[102.3436371,17.5514922],[102.3555447,17.541274],[102.3575293,17.5249993],[102.3678493,17.5227283],[102.3960306,17.4530704],[102.3968245,17.4352731],[102.4460427,17.3390619],[102.4500119,17.3148117],[102.4440581,17.2795674],[102.4527903,17.2795674],[102.4623164,17.2848735],[102.474224,17.2810835],[102.474621,17.2761564],[102.4964516,17.2841155],[102.5166946,17.2784304],[102.5349529,17.2670598],[102.5409067,17.2606161],[102.5956818,17.2625114],[102.594888,17.2515188],[102.5766296,17.2325646],[102.5571805,17.2374929],[102.5480513,17.2173999],[102.5385252,17.2306691],[102.519473,17.2162625],[102.5119315,17.1855499],[102.5210607,17.1828955],[102.5159007,17.1597625],[102.5250299,17.1510395],[102.5250299,17.1430747],[102.5079623,17.1354888],[102.5202669,17.1002104],[102.574645,17.0376032],[102.6194971,17.0193863],[102.6321985,17.0026858],[102.68839,16.9869806]]]}},{"type":"Feature","properties":{"shapeName":"Sakon Nakhon Province"},"geometry":{"type":"Polygon","coordinates":[[[103.3994787,17.866521],[103.3983496,17.8552982],[103.3933523,17.848077],[103.3936194,17.8452999],[103.3958471,17.8433544],[103.4094351,17.8400203],[103.4122198,17.8355762],[103.4014013,17.8347446],[103.39307,17.8308536],[103.3847387,17.8391887],[103.3780554,17.8333561],[103.3802756,17.8211338],[103.3752783,17.8177997],[103.374172,17.8150226],[103.3752783,17.8080761],[103.3730505,17.7983562],[103.374172,17.7916881],[103.3672217,17.7864086],[103.3650091,17.7803013],[103.3663977,17.7775203],[103.3730505,17.7719661],[103.374172,17.7689106],[103.3736151,17.7611324],[103.3774908,17.7528011],[103.3797186,17.7508556],[103.3836325,17.7505771],[103.3947256,17.7516872],[103.4005621,17.7450191],[103.4050024,17.7291843],[103.4036062,17.7147419],[103.3947256,17.6836292],[103.3947256,17.6794635],[103.3994482,17.6639072],[103.3947256,17.6441852],[103.3963965,17.6291858],[103.3950079,17.6105777],[103.3986319,17.6016857],[103.4036062,17.5944645],[103.4019507,17.5919658],[103.3939017,17.59641],[103.3897284,17.59641],[103.3783301,17.5911304],[103.3699988,17.5830776],[103.363056,17.581689],[103.3508261,17.5861332],[103.3413885,17.5827991],[103.3369482,17.5791866],[103.3280676,17.5675213],[103.3244513,17.5508548],[103.3152807,17.5436336],[103.3138922,17.5408565],[103.3066595,17.515855],[103.2911108,17.5025226],[103.2880591,17.4897396],[103.2808417,17.4802982],[103.2797278,17.4611293],[103.2761114,17.4486286],[103.2702826,17.4380733],[103.2700079,17.4305736],[103.2783392,17.410577],[103.2913855,17.3941852],[103.2930716,17.3877994],[103.2924994,17.3841869],[103.2758368,17.367799],[103.2722357,17.3555767],[103.2647284,17.342519],[103.2619513,17.3291866],[103.2463873,17.3155758],[103.2461127,17.308633],[103.2522314,17.2941868],[103.2675055,17.2727977],[103.2691687,17.2664119],[103.2738989,17.2627994],[103.3008307,17.2605793],[103.3194616,17.2541896],[103.3369482,17.2511341],[103.3425024,17.2483532],[103.3549994,17.2355739],[103.4022253,17.2166874],[103.4197272,17.219186],[103.4319494,17.2150203],[103.4399908,17.2147419],[103.4491614,17.2177974],[103.4566687,17.2227947],[103.4638708,17.2315494],[103.4683417,17.2202961],[103.4733313,17.215295],[103.4788855,17.2119648],[103.5066717,17.2014095],[103.5283392,17.1894619],[103.5563925,17.1608516],[103.5633276,17.15891],[103.5727881,17.1639072],[103.5844458,17.1658527],[103.5880621,17.1647426],[103.5908392,17.1627971],[103.5936163,17.156129],[103.6052817,17.1483547],[103.6138952,17.1389095],[103.6191595,17.1300214],[103.6233252,17.116689],[103.6269415,17.1108525],[103.6302756,17.1089108],[103.6486319,17.1086323],[103.656391,17.1033528],[103.6580618,17.1000226],[103.6566656,17.0872433],[103.6508368,17.073911],[103.6505621,17.0697415],[103.6538885,17.0600217],[103.6575125,17.0544675],[103.6586188,17.0461323],[103.6561163,17.0439122],[103.6500052,17.0435536],[103.6493988,17.0405617],[103.6446533,17.0340271],[103.6430511,17.0269432],[103.6441498,17.0236092],[103.6494293,17.0194435],[103.6558228,17.0163879],[103.6608124,17.0161095],[103.6769333,17.0233307],[103.6941376,17.0244408],[103.7066498,17.0133324],[103.7108231,17.0133324],[103.7169266,17.0097198],[103.7241516,16.9980507],[103.7366486,16.9919395],[103.7536011,16.9752731],[103.7594299,16.9722176],[103.7722168,16.9699936],[103.7783203,16.966938],[103.7841492,16.9586067],[103.7869263,16.947773],[103.7797089,16.9272194],[103.781662,16.9149971],[103.7869263,16.9019394],[103.7944336,16.8913841],[103.8291626,16.8733292],[103.8369293,16.8624954],[103.8410873,16.8486061],[103.8449936,16.8433304],[103.8505402,16.8394394],[103.860527,16.8355522],[103.8647003,16.8311081],[103.8794327,16.8208313],[103.8977737,16.8152733],[103.9066467,16.810276],[103.9158173,16.8005524],[103.9291534,16.790554],[103.9374771,16.7797203],[103.9430389,16.7761078],[103.947197,16.7763863],[103.9533234,16.7802773],[103.9519272,16.7969437],[103.9549866,16.8083305],[103.9597168,16.8177757],[103.9627686,16.8197174],[103.9669266,16.8197174],[103.9719162,16.8147202],[103.9752731,16.8138847],[103.9777679,16.8158302],[103.9791565,16.8241653],[103.9822083,16.829998],[103.9877625,16.8344421],[104.0027771,16.8377762],[104.0086136,16.8408318],[104.0136108,16.8455505],[104.0213776,16.8566628],[104.024147,16.8583298],[104.0280533,16.8591614],[104.0308228,16.8577728],[104.0324936,16.8502731],[104.0374908,16.8455505],[104.0413666,16.8444405],[104.0491486,16.845829],[104.0574799,16.8449974],[104.0697174,16.8383293],[104.0728531,16.8324013],[104.0894318,16.8305511],[104.1010895,16.8333321],[104.106369,16.8366623],[104.1094208,16.848053],[104.1202469,16.8563843],[104.1238709,16.8616638],[104.1255264,16.8652725],[104.1263733,16.8861084],[104.1299667,16.8919411],[104.1336136,16.8936081],[104.1599884,16.8936081],[104.1763763,16.8897171],[104.1933136,16.8824959],[104.2052612,16.8827744],[104.2155533,16.88694],[104.2230377,16.8936081],[104.2388763,16.8961067],[104.2463684,16.8988838],[104.2641602,16.9124947],[104.2760925,16.9244385],[104.2819366,16.9277725],[104.2972107,16.9311066],[104.3035889,16.9347191],[104.3105316,16.9411049],[104.3180466,16.9619408],[104.3191528,16.9705505],[104.324707,16.9794388],[104.3460999,16.9855499],[104.3516464,16.9897156],[104.3621979,17.0022202],[104.3724823,17.0063858],[104.3874969,17.0094414],[104.3919373,17.014164],[104.3955383,17.0381699],[104.3874969,17.0411072],[104.3758087,17.0499992],[104.3608093,17.056385],[104.356369,17.0599976],[104.3547134,17.0663872],[104.3591537,17.0738869],[104.3608093,17.0802765],[104.3605804,17.0914841],[104.3713684,17.0955505],[104.3844299,17.1102753],[104.3933334,17.1147194],[104.3999863,17.1222191],[104.4010925,17.1347198],[104.3980408,17.1544418],[104.4013824,17.1744385],[104.4124908,17.1919403],[104.4135971,17.1999969],[104.4174805,17.2108269],[104.4258118,17.2211075],[104.4433136,17.23666],[104.4444275,17.2486038],[104.4421997,17.2561073],[104.4349823,17.2669411],[104.4313736,17.2772217],[104.4335938,17.2936096],[104.4316635,17.3049965],[104.4274673,17.310276],[104.4233093,17.3199959],[104.423027,17.3241653],[104.4277573,17.3330536],[104.4283066,17.3372192],[104.4241486,17.3469429],[104.4158173,17.3574982],[104.4111023,17.3669395],[104.4111023,17.3752747],[104.4174805,17.3922195],[104.4158173,17.4038849],[104.4191437,17.4149971],[104.4155426,17.4208298],[104.411377,17.4213829],[104.3583221,17.4186058],[104.3272095,17.4222183],[104.3099823,17.4222183],[104.2910919,17.4177742],[104.2819366,17.4183273],[104.2746964,17.4158287],[104.2658234,17.4102745],[104.2402573,17.4086075],[104.2252731,17.404995],[104.2052612,17.4091606],[104.1869202,17.4080505],[104.1574936,17.4111061],[104.1535873,17.4102745],[104.1480408,17.406105],[104.1388931,17.3861084],[104.1344299,17.3813858],[104.1263733,17.3827744],[104.1169281,17.3872185],[104.1069336,17.3963852],[104.0963669,17.4008293],[104.0938721,17.3986053],[104.0986023,17.3858299],[104.0980377,17.3816643],[104.0930481,17.3772202],[104.0799866,17.3777733],[104.0716629,17.3841629],[104.0683289,17.3849945],[104.0572128,17.3827744],[104.0510864,17.3863831],[104.047493,17.3919411],[104.0419312,17.4133301],[104.0313721,17.4347191],[104.0127716,17.4624939],[104.0086136,17.4719391],[104.0086136,17.4763832],[104.0166626,17.492218],[104.0347137,17.5211105],[104.0324936,17.5536079],[104.0347137,17.5611076],[104.0441437,17.5702744],[104.0494232,17.5791626],[104.0497131,17.5877762],[104.04776,17.5952759],[104.0447083,17.601387],[104.0394287,17.6055527],[104.0313721,17.6294403],[104.0291595,17.6322174],[104.0302734,17.635273],[104.0349884,17.6397171],[104.048317,17.6397171],[104.0616531,17.6455498],[104.0655365,17.6502724],[104.0663834,17.6586075],[104.0680466,17.6616631],[104.0797119,17.6738853],[104.0799866,17.678051],[104.0772095,17.6805496],[104.0658112,17.6838837],[104.0644226,17.6866608],[104.0660934,17.6902733],[104.0738831,17.6952744],[104.0741577,17.6999969],[104.0710297,17.7068977],[104.0638733,17.7083282],[104.0585938,17.7113838],[104.0591431,17.7183266],[104.0649872,17.7286072],[104.0635986,17.7355499],[104.060257,17.7363815],[104.0519333,17.7322159],[104.048027,17.7319374],[104.0463715,17.7341614],[104.0491486,17.7436066],[104.048027,17.7502747],[104.0402679,17.7591629],[104.0374908,17.7602768],[104.0260925,17.7549973],[104.0197067,17.7569427],[104.0152664,17.7611084],[104.0119324,17.7697182],[104.0119324,17.7738876],[104.0158234,17.7944412],[104.0147095,17.7974968],[104.0102997,17.8010101],[104.0044403,17.8036079],[103.9966431,17.8027763],[103.9927521,17.7983322],[103.9924774,17.7947197],[103.9947128,17.7886086],[103.9938736,17.7813873],[103.9827576,17.7797203],[103.9685974,17.765274],[103.9660873,17.7661095],[103.9647064,17.7761078],[103.9627686,17.7780533],[103.9588776,17.7783318],[103.9541626,17.7747192],[103.9502716,17.7749977],[103.9419327,17.7791634],[103.9371872,17.7830544],[103.9347076,17.7886086],[103.9360962,17.7994423],[103.9347076,17.8022194],[103.9260864,17.806385],[103.9197083,17.8122177],[103.9177628,17.8222198],[103.9222107,17.8344421],[103.9216537,17.8491631],[103.9199829,17.8516617],[103.9172134,17.8527756],[103.9135971,17.8519402],[103.9044266,17.8408318],[103.9016571,17.8394394],[103.8961029,17.8422203],[103.8947067,17.8449974],[103.8977737,17.8544426],[103.89888,17.8652725],[103.9044266,17.8719406],[103.9005432,17.8763847],[103.8972168,17.8772202],[103.8816528,17.8719406],[103.8769226,17.8683281],[103.8710938,17.8577728],[103.8660889,17.8552742],[103.8591537,17.8611069],[103.8591537,17.8680534],[103.8572083,17.8741646],[103.8516464,17.8769417],[103.8483276,17.8761063],[103.8408203,17.867218],[103.8272095,17.863884],[103.8149872,17.8644409],[103.8038635,17.8699951],[103.7969437,17.8702736],[103.7955322,17.8633308],[103.8060913,17.8455505],[103.8019333,17.8413849],[103.7905426,17.8408318],[103.7833328,17.8461075],[103.7788696,17.8536072],[103.7672119,17.8627739],[103.7599869,17.8719406],[103.7599869,17.8791618],[103.7613831,17.8822174],[103.7752686,17.8888855],[103.7780533,17.8941612],[103.7724915,17.904995],[103.7727737,17.9119415],[103.7766571,17.9202728],[103.7760925,17.9238853],[103.7727737,17.9238853],[103.7638931,17.9202728],[103.7586136,17.9230499],[103.7580414,17.9266624],[103.7630463,17.9458275],[103.7616577,17.9486046],[103.7583313,17.9486046],[103.7558289,17.9469414],[103.7491531,17.9374962],[103.7447128,17.9216614],[103.7438736,17.910553],[103.7422028,17.908886],[103.7358093,17.9108276],[103.7255402,17.9172173],[103.7069397,17.9355507],[103.6921997,17.9413834],[103.6860962,17.947773],[103.6802673,17.945549],[103.6738663,17.9394379],[103.6713715,17.9386063],[103.6655426,17.9408302],[103.6591492,17.9469414],[103.6602631,17.9569397],[103.6583328,17.9630508],[103.6555481,17.9644394],[103.652298,17.9636421],[103.6443024,17.9562149],[103.6397171,17.9556198],[103.6345062,17.9588737],[103.6316528,17.9680519],[103.6244202,17.9666634],[103.6205292,17.9711075],[103.6169281,17.9919395],[103.6185913,17.9983292],[103.6374969,18.0044441],[103.6383209,18.0069427],[103.6347198,18.0113869],[103.6280365,18.0130539],[103.6155396,18.0133324],[103.6094208,18.015274],[103.5922089,18.0352745],[103.5880432,18.0430527],[103.5855408,18.0447197],[103.582489,18.0436096],[103.5791626,18.0386086],[103.5761032,18.0383301],[103.5708313,18.0411072],[103.5660934,18.0486069],[103.5613709,18.0522194],[103.5385895,18.0627747],[103.5308228,18.0636101],[103.519989,18.0619431],[103.5099869,18.0647202],[103.5066528,18.0638847],[103.5013886,18.0611076],[103.4963684,18.0538864],[103.4833221,18.0499992],[103.4777679,18.0469437],[103.4755402,18.0447197],[103.4752731,18.0419426],[103.4794312,18.033886],[103.4808197,18.0230522],[103.4763794,18.0113869],[103.4641571,17.9988823],[103.4552612,17.992218],[103.4394226,17.9919395],[103.4330368,17.989994],[103.4347076,17.9802742],[103.4327469,17.9783287],[103.4249878,17.9783287],[103.4102631,17.9841614],[103.3997192,17.9861069],[103.3858185,17.9830513],[103.3785934,17.9777718],[103.3744202,17.9697151],[103.3758087,17.9630508],[103.3808136,17.9519386],[103.3974915,17.9474945],[103.4005432,17.9383278],[103.4044266,17.9338837],[103.4022064,17.9319382],[103.3922119,17.9294395],[103.3883209,17.9249954],[103.3933334,17.9030495],[103.3974915,17.8988838],[103.4072113,17.8963852],[103.4083328,17.8933296],[103.4072113,17.8866615],[103.4094162,17.8766632],[103.4077606,17.8741646],[103.4013824,17.8722191],[103.3994787,17.866521]]]}},{"type":"Feature","properties":{"shapeName":"Yasothon Province"},"geometry":{"type":"Polygon","coordinates":[[[104.1293182,15.564497],[104.1494293,15.5252762],[104.1469421,15.5102768],[104.14888,15.5033321],[104.1552582,15.4952745],[104.2047119,15.4469433],[104.2191467,15.4247208],[104.2374878,15.3841648],[104.2474823,15.3708305],[104.273613,15.3588867],[104.2944336,15.3422203],[104.3010864,15.3391647],[104.3085938,15.3374977],[104.3527679,15.3366642],[104.364151,15.3291655],[104.3716431,15.3177757],[104.3744202,15.3158321],[104.3838806,15.3211098],[104.3880463,15.3205528],[104.3938828,15.3127766],[104.394989,15.309164],[104.3924866,15.3022213],[104.3972168,15.2930546],[104.4055481,15.2869434],[104.4180908,15.2846975],[104.4260864,15.3108311],[104.4263763,15.3197193],[104.4290314,15.3220959],[104.4299774,15.3258305],[104.4360962,15.328331],[104.4377594,15.3347206],[104.4371872,15.3383312],[104.4430389,15.3447208],[104.4421997,15.3477764],[104.4360962,15.3499985],[104.4349823,15.3530521],[104.4371872,15.3752747],[104.4341431,15.3805523],[104.4313736,15.3816643],[104.426651,15.3780537],[104.422493,15.369997],[104.4199829,15.36833],[104.4147034,15.371109],[104.4049835,15.3861103],[104.4008179,15.3899994],[104.3983307,15.3916664],[104.3874969,15.393055],[104.3841629,15.3980541],[104.387207,15.4111099],[104.3839111,15.4406223],[104.3966522,15.4661083],[104.4002686,15.4777756],[104.3980408,15.5147209],[104.39888,15.5227757],[104.4030533,15.5291653],[104.4063721,15.5299988],[104.4111023,15.5297203],[104.4252625,15.5249996],[104.4369202,15.5316658],[104.4408112,15.5324993],[104.4747009,15.5341644],[104.4916534,15.5311108],[104.4960938,15.5355549],[104.497757,15.5433311],[104.5074921,15.5483322],[104.5158234,15.5488873],[104.5183334,15.5511093],[104.519989,15.5588865],[104.5193863,15.5660877],[104.5144272,15.5736084],[104.5108185,15.5861092],[104.5086136,15.5880527],[104.4899673,15.5941639],[104.4747009,15.5961094],[104.4630432,15.6008301],[104.4630432,15.6080532],[104.465271,15.617775],[104.4621964,15.6230526],[104.4627686,15.6297188],[104.46138,15.6327744],[104.4555511,15.6341648],[104.4452515,15.6288853],[104.4430389,15.6308308],[104.4421997,15.6494427],[104.4405365,15.6558323],[104.4441376,15.6683311],[104.4402618,15.6766644],[104.4416504,15.6866646],[104.4391479,15.6924973],[104.4391479,15.7002754],[104.4360962,15.7061081],[104.426651,15.7088871],[104.4241486,15.7144432],[104.4246979,15.7249985],[104.4302673,15.7397194],[104.4272003,15.7569427],[104.4302673,15.7622204],[104.4360962,15.7647209],[104.4344177,15.7783318],[104.4355316,15.7891645],[104.4405365,15.8002758],[104.4408112,15.8038864],[104.4388733,15.8180542],[104.4416504,15.8233318],[104.4533234,15.8361092],[104.4608231,15.8488855],[104.4591522,15.8594418],[104.4552612,15.867775],[104.4552612,15.8719435],[104.4599915,15.8838882],[104.4591522,15.895277],[104.4602737,15.9019432],[104.4641571,15.9105549],[104.473877,15.9208317],[104.4816589,15.9338865],[104.4960938,15.9477768],[104.5030518,15.9572201],[104.5069427,15.9694424],[104.5088806,15.9836082],[104.5119324,15.9891644],[104.5296326,16.004158],[104.5355377,16.0124969],[104.5413666,16.0261078],[104.5452576,16.0408325],[104.5633087,16.0794411],[104.5736084,16.0933304],[104.5977631,16.1111069],[104.6158066,16.1208305],[104.6522064,16.1305504],[104.6860962,16.1377754],[104.7636108,16.1466637],[104.805542,16.156105],[104.8099823,16.160553],[104.8099823,16.1852722],[104.8128433,16.1904564],[104.8080292,16.1958275],[104.801651,16.19944],[104.7930527,16.2008286],[104.7752686,16.2005501],[104.7280426,16.2072182],[104.7119293,16.2108269],[104.7024765,16.2163849],[104.6977463,16.2247162],[104.6891479,16.2255516],[104.6863709,16.2280502],[104.6824799,16.2419395],[104.6746979,16.2408295],[104.6683197,16.2374954],[104.6641464,16.2274933],[104.6633072,16.2197151],[104.6594162,16.2136078],[104.644989,16.2099953],[104.6369324,16.2113838],[104.6263733,16.2197151],[104.6116486,16.2372169],[104.5938721,16.243885],[104.5869293,16.2516632],[104.5811005,16.267498],[104.5705414,16.2852745],[104.5633087,16.3049965],[104.5591431,16.3099976],[104.52388,16.3122177],[104.5211029,16.3136101],[104.5086136,16.3374977],[104.5019379,16.3413849],[104.4885864,16.3422203],[104.4747009,16.3380508],[104.4663773,16.3374977],[104.4419327,16.3433304],[104.3952637,16.3447189],[104.3777618,16.3397179],[104.3685913,16.3344421],[104.3559265,16.3233299],[104.3513794,16.3141632],[104.3497162,16.3013878],[104.3502731,16.2894402],[104.3466492,16.2836075],[104.336113,16.2755547],[104.3236084,16.2552757],[104.3174896,16.2524986],[104.3091431,16.2513885],[104.2927628,16.2536087],[104.2838669,16.2477722],[104.2719269,16.23666],[104.2563782,16.2138824],[104.2497101,16.1924934],[104.2327576,16.1672173],[104.2249908,16.1611061],[104.2086029,16.1591606],[104.1960907,16.1480522],[104.1788635,16.1424942],[104.1691437,16.1333313],[104.1633072,16.1252747],[104.1508179,16.113884],[104.1483307,16.1122169],[104.1294327,16.1083298],[104.1194305,16.1047173],[104.1044312,16.0911064],[104.0977631,16.0788841],[104.0977631,16.0711098],[104.102478,16.0622177],[104.1077576,16.0580521],[104.1160889,16.0472183],[104.1191406,16.0374985],[104.1124878,16.0102768],[104.1119232,15.992775],[104.1085968,15.9819412],[104.1022034,15.9786091],[104.0897064,15.978054],[104.074707,15.9824982],[104.048027,15.9844418],[104.0264435,15.9810123],[104.0166626,15.9744415],[104.0149994,15.9719429],[104.0149994,15.9655533],[104.0198037,15.9592416],[104.0272877,15.9606791],[104.027955,15.9566288],[104.0301416,15.9572131],[104.0279121,15.9540086],[104.0307639,15.9529528],[104.0291116,15.9515911],[104.0293498,15.9490158],[104.0330405,15.9480461],[104.0322466,15.9459726],[104.0341113,15.9428123],[104.0328903,15.941743],[104.0336821,15.9397483],[104.0353665,15.9414918],[104.036066,15.9396694],[104.0328345,15.9364574],[104.0350768,15.934683],[104.0328152,15.9294354],[104.029573,15.9276985],[104.0292425,15.9243594],[104.0263007,15.9231177],[104.0283177,15.9193215],[104.0235332,15.9146573],[104.0237327,15.9117766],[104.0141133,15.9108088],[104.0194991,15.9061967],[104.0169028,15.9020282],[104.015111,15.8922565],[104.017922,15.8911524],[104.0194669,15.892855],[104.0212372,15.8911524],[104.0177246,15.8896748],[104.0149753,15.8864233],[104.0212157,15.8830623],[104.0223364,15.8809319],[104.0205935,15.8794712],[104.0210012,15.8778717],[104.0241656,15.8787695],[104.0321828,15.8752149],[104.0318974,15.8737418],[104.0244301,15.8728233],[104.0235718,15.8702743],[104.0294979,15.8680782],[104.0350232,15.8708233],[104.0366717,15.8683135],[104.0360854,15.8671288],[104.0292259,15.8664043],[104.0254847,15.8643424],[104.019703,15.8670772],[104.0201761,15.8638568],[104.0250025,15.8605966],[104.0290473,15.8600496],[104.0259895,15.8553428],[104.0277061,15.8518027],[104.0187583,15.848273],[104.0210617,15.8395025],[104.0161329,15.8381483],[104.0145418,15.8442271],[104.0125431,15.8444671],[104.0117523,15.8399334],[104.0137479,15.8392935],[104.0123639,15.8365996],[104.0166844,15.833165],[104.0170921,15.830182],[104.0132866,15.8301387],[104.00965,15.8321411],[104.0073862,15.8315424],[104.0108618,15.8269801],[104.0092316,15.8214577],[104.0141771,15.8174423],[104.0051117,15.8173287],[104.0069893,15.8140358],[104.0049781,15.8116626],[103.9998075,15.8147365],[103.9977261,15.8141791],[104.0025112,15.8049297],[104.0003167,15.7957428],[104.0092002,15.7943594],[104.0254007,15.799129],[104.0350202,15.796098],[104.0464507,15.8039397],[104.0554018,15.8080751],[104.0594358,15.8117501],[104.0675254,15.813154],[104.0769882,15.8189141],[104.0795846,15.8226095],[104.0790664,15.8252871],[104.0733157,15.8245439],[104.0699286,15.8273164],[104.0701829,15.8365173],[104.0742169,15.8393867],[104.0774356,15.8386023],[104.0964718,15.8253965],[104.1054164,15.8159556],[104.1116831,15.8062521],[104.1199207,15.8053023],[104.1255426,15.8016685],[104.133954,15.7996039],[104.1386361,15.7852186],[104.1338725,15.7790239],[104.1326708,15.7731595],[104.1274309,15.7685071],[104.132967,15.7543819],[104.1402626,15.7541341],[104.1418075,15.7512015],[104.1400051,15.7479405],[104.1341686,15.7462057],[104.1322417,15.7432153],[104.1335335,15.7349454],[104.127903,15.7207166],[104.1280747,15.711339],[104.1306753,15.7054685],[104.1282292,15.7044357],[104.1193629,15.7055553],[104.1182471,15.7021263],[104.1242981,15.6960531],[104.1283751,15.6959704],[104.1351557,15.7032004],[104.1389752,15.7108846],[104.14567,15.7129502],[104.1481161,15.7122892],[104.147687,15.7101823],[104.143095,15.708819],[104.1421938,15.7063402],[104.1444695,15.7023727],[104.1511343,15.6977744],[104.1524067,15.690226],[104.1615477,15.687995],[104.1673563,15.6792232],[104.1684141,15.6732857],[104.1769264,15.6713313],[104.1754629,15.6637928],[104.1829195,15.6682033],[104.1853228,15.6681207],[104.1873827,15.6656414],[104.1867711,15.6586745],[104.1839924,15.6565505],[104.1802159,15.6570877],[104.1752377,15.6612613],[104.172077,15.6601745],[104.1715191,15.6565381],[104.1738365,15.646827],[104.1784992,15.6386156],[104.1768406,15.6367434],[104.1703882,15.6353507],[104.1701307,15.6325012],[104.1781988,15.6307241],[104.1881701,15.6338148],[104.191377,15.6322403],[104.1919424,15.6293121],[104.1822339,15.6217964],[104.1829838,15.6186924],[104.1886272,15.6145387],[104.1878333,15.6118562],[104.185666,15.6107609],[104.1869106,15.6093515],[104.1887774,15.609149],[104.1944208,15.6140014],[104.208261,15.6178493],[104.2122306,15.617436],[104.2133679,15.6160473],[104.2061152,15.6008626],[104.1847076,15.5966644],[104.1413727,15.5791655],[104.1361084,15.5752754],[104.1293182,15.564497]]]}},{"type":"Feature","properties":{"shapeName":"Buri Ram Province"},"geometry":{"type":"Polygon","coordinates":[[[103.1113522,15.4813157],[103.1113517,15.4830539],[103.1096382,15.4827712],[103.1108787,15.4842604],[103.1070596,15.4842341],[103.1060423,15.4856748],[103.0940235,15.4887789],[103.0915177,15.4883067],[103.0878726,15.4901531],[103.0877475,15.4918391],[103.0857574,15.491484],[103.0843893,15.4934482],[103.0819874,15.4938632],[103.0820489,15.4949313],[103.0799447,15.4950485],[103.0786902,15.4933556],[103.0773988,15.4951246],[103.0785839,15.4971681],[103.0777758,15.4992901],[103.0760293,15.4967684],[103.0728057,15.4975847],[103.0725082,15.4991032],[103.0740205,15.4995508],[103.0720643,15.5031025],[103.074832,15.5128728],[103.0780491,15.5154758],[103.0794948,15.5136514],[103.0813391,15.5181197],[103.0839533,15.5175083],[103.0842196,15.5197578],[103.0820076,15.5203048],[103.0848636,15.5222637],[103.0829513,15.5272798],[103.0888524,15.525621],[103.0875794,15.528459],[103.0905036,15.5306439],[103.0905893,15.5333557],[103.0877959,15.5351492],[103.0873002,15.5384108],[103.0836852,15.5414947],[103.0809016,15.5469603],[103.0795968,15.545853],[103.0811239,15.5427276],[103.077371,15.5425378],[103.0770315,15.5449364],[103.0669452,15.5529216],[103.0642769,15.5543294],[103.0610911,15.5537822],[103.0608926,15.5577742],[103.057507,15.5589891],[103.0524667,15.5575393],[103.0549988,15.5605309],[103.0541866,15.5615204],[103.0512007,15.560784],[103.0500541,15.5635454],[103.0459694,15.5643508],[103.0487671,15.5676195],[103.0466003,15.5687964],[103.0476999,15.5698542],[103.0451293,15.5735624],[103.0502011,15.5759193],[103.0495969,15.5774586],[103.0479849,15.5759974],[103.0463719,15.5771509],[103.0478384,15.5820759],[103.0516684,15.5859169],[103.0514563,15.5889689],[103.0539833,15.5895948],[103.0527679,15.5927024],[103.0508693,15.5928507],[103.0497343,15.595661],[103.0490891,15.5926437],[103.0454144,15.5933128],[103.0451597,15.5979984],[103.0414675,15.5974546],[103.0399389,15.5992624],[103.0344327,15.5980673],[103.033958,15.6005591],[103.0294871,15.59875],[103.0259432,15.6003693],[103.0274155,15.6039942],[103.0249116,15.602986],[103.0239337,15.6049326],[103.0212488,15.6049797],[103.0220095,15.6084172],[103.0156669,15.6133916],[103.0153224,15.6169336],[103.0127647,15.6152088],[103.0135782,15.6180811],[103.0119729,15.6203264],[103.0130629,15.623025],[103.0103922,15.6256915],[103.0104059,15.6267678],[103.0125271,15.6268782],[103.0126991,15.6287001],[103.0077906,15.6285652],[103.0061685,15.6306735],[103.0052548,15.6300965],[103.0056472,15.6338162],[103.0021505,15.6353095],[103.0016373,15.6376326],[102.9965224,15.6407802],[102.9954721,15.63913],[102.9942061,15.6404596],[102.9928396,15.6396308],[102.9939108,15.6429708],[102.9957632,15.6436645],[102.9947599,15.6481608],[102.9888928,15.6471744],[102.9877102,15.6497113],[102.989619,15.650167],[102.9896779,15.6518739],[102.9880935,15.6524332],[102.9863634,15.6506908],[102.9820057,15.6572163],[102.9795275,15.6554364],[102.980014,15.6582487],[102.976836,15.6569188],[102.9760333,15.658747],[102.9772186,15.6602396],[102.9744937,15.6607862],[102.9753988,15.6638868],[102.9736839,15.6646438],[102.974234,15.6661691],[102.9726304,15.6678933],[102.9763042,15.6685693],[102.9758117,15.671012],[102.9799796,15.6711271],[102.9801144,15.6732883],[102.9827448,15.6760347],[102.9837202,15.6745931],[102.9852804,15.6764239],[102.9870528,15.6743292],[102.9894745,15.6746522],[102.9894974,15.677527],[102.9912231,15.6761637],[102.9911991,15.6777253],[102.9944481,15.6787015],[102.9971906,15.6819761],[103.0001727,15.6836637],[103.002665,15.6828953],[103.0049784,15.6847607],[103.0058223,15.6892347],[103.0074188,15.6893501],[103.0065597,15.693975],[103.0081119,15.6957078],[103.0059439,15.6974332],[103.0079434,15.7011948],[102.946373,15.7891645],[102.918869,15.7819424],[102.9088669,15.7777767],[102.9010925,15.7716656],[102.8955383,15.7630539],[102.8916626,15.7527771],[102.8897095,15.7180538],[102.8894272,15.6702766],[102.8819275,15.6494427],[102.8774719,15.6438885],[102.8674774,15.6355553],[102.8583221,15.6308308],[102.8338776,15.6224976],[102.8219299,15.6205521],[102.8063736,15.6238861],[102.8008118,15.6272202],[102.7890472,15.6393738],[102.7827606,15.621109],[102.7852631,15.6097202],[102.7924805,15.5988855],[102.7960968,15.5838871],[102.7958221,15.5624981],[102.798027,15.5469437],[102.8088684,15.5341644],[102.8119202,15.5280552],[102.8274765,15.5113888],[102.8330536,15.5074997],[102.8371964,15.5069427],[102.8430481,15.5099983],[102.8513794,15.5111103],[102.8663788,15.5058327],[102.8783112,15.5072212],[102.8841629,15.5111103],[102.8947067,15.5144444],[102.9022064,15.5119438],[102.9147034,15.5133324],[102.9222107,15.5116653],[102.9347076,15.5047207],[102.942749,15.5044441],[102.9444275,15.5016651],[102.9441376,15.4938869],[102.947197,15.4877758],[102.9505463,15.4863853],[102.9549866,15.4874973],[102.9577637,15.4855537],[102.9588776,15.4819412],[102.9577637,15.473608],[102.9647064,15.4711094],[102.9880371,15.475275],[103.0016632,15.4702759],[103.0124969,15.4574986],[103.0188828,15.4449978],[103.0195618,15.4393368],[103.0166473,15.439867],[103.0130463,15.4355555],[103.0097198,15.434721],[103.0055466,15.4305534],[103.0,15.4277763],[102.9936371,15.4181747],[102.9875488,15.4245224],[102.9846268,15.4247885],[102.9810867,15.4202766],[102.9777527,15.4237289],[102.9736023,15.4194431],[102.9711533,15.4136772],[102.9694366,15.4033318],[102.9569397,15.4063873],[102.953598,15.4016647],[102.9544373,15.3858318],[102.951828,15.3803463],[102.9588776,15.3724976],[102.9658203,15.369442],[102.9913635,15.3658314],[102.9974823,15.3627758],[103.0013886,15.3572197],[103.0016632,15.3488855],[102.9958191,15.3449974],[102.9877625,15.3444424],[102.9808197,15.3419418],[102.973877,15.3347206],[102.9727631,15.3261089],[102.973877,15.3061085],[102.9755402,15.2980537],[102.9788666,15.2924976],[102.9797134,15.2841644],[102.9722137,15.2638874],[102.9758072,15.2497196],[102.9755402,15.2166653],[102.9797134,15.2069416],[102.9866486,15.1997204],[102.9863663,15.1952763],[102.9833221,15.1888866],[102.9808197,15.1866646],[102.9644318,15.1802769],[102.9419327,15.1747208],[102.9344177,15.1763878],[102.926651,15.1822205],[102.9180527,15.1822205],[102.89888,15.1736088],[102.887207,15.166666],[102.8591537,15.1577759],[102.8533173,15.1538868],[102.8291626,15.1313858],[102.7944336,15.0869427],[102.7772064,15.0719433],[102.7763824,15.0672207],[102.7847137,15.056942],[102.786377,15.0494423],[102.7797089,15.0374985],[102.7697067,15.0286102],[102.7658234,15.0233326],[102.7649994,15.0016651],[102.7608185,14.9922199],[102.7513886,14.9824982],[102.7410889,14.97472],[102.7072067,14.9524965],[102.6908112,14.9458313],[102.6722107,14.9413872],[102.6246872,14.9386101],[102.6049805,14.9424973],[102.5913696,14.9474983],[102.5755463,14.9563866],[102.5433197,14.9666653],[102.5258179,14.9694424],[102.5205383,14.9655533],[102.5194397,14.9624977],[102.5211029,14.9591637],[102.560257,14.9372196],[102.5608063,14.933054],[102.5577469,14.9222202],[102.548027,14.9038868],[102.5466537,14.8949986],[102.5499878,14.8808308],[102.5530396,14.8741646],[102.5727692,14.8433304],[102.5783234,14.8308315],[102.578598,14.8224983],[102.5677567,14.8141651],[102.5344162,14.8061085],[102.5036011,14.8077745],[102.4958191,14.8138866],[102.4833221,14.8333321],[102.4641571,14.8386097],[102.4547119,14.8427753],[102.446373,14.848608],[102.4405365,14.8566647],[102.4369202,14.8577747],[102.4355316,14.8494415],[102.4435883,14.8074989],[102.4580383,14.7819424],[102.4816589,14.7536106],[102.4841537,14.7424955],[102.4808197,14.7180538],[102.4874878,14.6930542],[102.4935913,14.6802769],[102.5097198,14.6552773],[102.5113831,14.6477776],[102.5116577,14.64361],[102.5052567,14.6222191],[102.5016632,14.6161079],[102.4985962,14.6052761],[102.4844208,14.5722198],[102.4838715,14.5588865],[102.4924774,14.5311108],[102.4983215,14.5008316],[102.5019379,14.4955521],[102.512207,14.4916649],[102.5394287,14.4719429],[102.5594177,14.4547195],[102.5658112,14.4466648],[102.574707,14.4286098],[102.5822067,14.4044437],[102.5738831,14.3749981],[102.5738831,14.3708305],[102.5774765,14.3647194],[102.5880432,14.3572197],[102.5949936,14.3455524],[102.5919266,14.3024979],[102.5977631,14.2949982],[102.6174774,14.2861099],[102.6205292,14.2794437],[102.6172028,14.26861],[102.6041565,14.2494411],[102.5922089,14.228054],[102.5830536,14.203886],[102.5841522,14.1924973],[102.5949936,14.1533318],[102.5941467,14.1486092],[102.6022034,14.1427755],[102.6083221,14.1352768],[102.6116486,14.1338882],[102.6174774,14.1372204],[102.6213684,14.1427755],[102.6241531,14.1538868],[102.6285934,14.1544437],[102.6322021,14.1533318],[102.649147,14.1372204],[102.6555481,14.1341648],[102.6677628,14.1355553],[102.6849823,14.1413879],[102.7055511,14.1327744],[102.7224884,14.1316643],[102.7686005,14.1405544],[102.7805481,14.146944],[102.7924805,14.1583328],[102.8072128,14.1624985],[102.8158112,14.16222],[102.8211136,14.166666],[102.8244324,14.1674976],[102.8449936,14.1591644],[102.8533173,14.1574993],[102.8655396,14.1588879],[102.8705292,14.1549988],[102.8777618,14.1524982],[102.8838806,14.1561089],[102.8908234,14.1636105],[102.8983307,14.1647205],[102.9116516,14.1641645],[102.9357589,14.1680932],[102.9298853,14.1769764],[102.9408106,14.1861953],[102.9388319,14.19539],[102.9447111,14.1985029],[102.9512624,14.1960062],[102.9561679,14.1967371],[102.9567785,14.1988536],[102.9517388,14.206146],[102.9624511,14.2122165],[102.9715769,14.2104822],[102.9861041,14.2148873],[102.9895538,14.2131394],[102.9972019,14.2135188],[103.0097877,14.2241813],[103.0132755,14.2308243],[103.0170912,14.2312311],[103.0220781,14.2285059],[103.0331698,14.2390512],[103.0318699,14.2502283],[103.0381981,14.2517524],[103.0568556,14.2743196],[103.055573,14.2813356],[103.0572852,14.2850322],[103.0738832,14.2858358],[103.0768723,14.2886729],[103.0791235,14.2938773],[103.083529,14.2965099],[103.0884268,14.2960704],[103.0984233,14.2995067],[103.1152844,14.2996184],[103.1240909,14.3026828],[103.130606,14.3066293],[103.1283598,14.3130463],[103.1286138,14.3198343],[103.1419206,14.3263238],[103.1465385,14.3248484],[103.1536104,14.3138719],[103.1613223,14.3309824],[103.1680164,14.3347791],[103.1746234,14.3356524],[103.1899828,14.3332599],[103.2039232,14.3267908],[103.2136794,14.3283692],[103.2189296,14.3235903],[103.2285967,14.3283782],[103.2370072,14.3360643],[103.242675,14.337482],[103.2388763,14.348608],[103.2385864,14.3655529],[103.2397003,14.3738861],[103.2488709,14.3886108],[103.243042,14.3961105],[103.2408066,14.4072208],[103.2416534,14.4108315],[103.2544403,14.4216652],[103.2561035,14.4249992],[103.2577667,14.4413872],[103.2569427,14.4541655],[103.2488709,14.4774971],[103.2369232,14.5016651],[103.2344208,14.5177755],[103.2280426,14.5294437],[103.227478,14.5380545],[103.2297134,14.5408335],[103.2363663,14.5433311],[103.2374878,14.5474987],[103.234993,14.558609],[103.2299805,14.5713863],[103.2285919,14.5830536],[103.2297134,14.5922203],[103.234993,14.6011086],[103.2472076,14.6119423],[103.2508163,14.617775],[103.2530518,14.6388874],[103.2688828,14.6652756],[103.274147,14.6783314],[103.2888794,14.7299976],[103.2885895,14.7419415],[103.2835999,14.7602768],[103.2841492,14.7644444],[103.2922134,14.7752762],[103.3024673,14.7833328],[103.3072128,14.7927761],[103.3083448,14.8138621],[103.3112995,14.8139216],[103.312069,14.8109162],[103.3142851,14.8111543],[103.3124691,14.8141894],[103.314439,14.8168079],[103.3201023,14.8169566],[103.3170552,14.8183254],[103.3199792,14.8235622],[103.318748,14.8265674],[103.3292282,14.8328156],[103.3363688,14.8328156],[103.3360611,14.829513],[103.3403393,14.8280848],[103.3440327,14.8321016],[103.3461873,14.8309412],[103.3466182,14.8327859],[103.3443405,14.8372786],[103.341078,14.8366835],[103.3412011,14.8387959],[103.3464335,14.8407596],[103.3517274,14.840224],[103.3589297,14.848614],[103.3597607,14.8541178],[103.364593,14.858848],[103.3670553,14.858372],[103.3668398,14.8606032],[103.3726262,14.8624477],[103.3738574,14.8599488],[103.3755502,14.859681],[103.3789974,14.8659581],[103.3793052,14.8687247],[103.3768429,14.8708963],[103.3826909,14.8703013],[103.38503,14.8715507],[103.3797053,14.8739305],[103.3790897,14.876578],[103.387123,14.8835685],[103.3873077,14.8863348],[103.3924169,14.8861564],[103.390047,14.8893391],[103.3895237,14.894604],[103.3948177,14.8952286],[103.401312,14.8925814],[103.4022969,14.8973107],[103.4048733,14.8975423],[103.3981876,14.9014049],[103.3998039,14.9026527],[103.3998962,14.9060256],[103.4023005,14.9049243],[103.4033548,14.906968],[103.4015232,14.9105986],[103.4047333,14.9120926],[103.3994112,14.9130635],[103.4019584,14.9196475],[103.4056597,14.9206228],[103.4068157,14.9182233],[103.4118658,14.9168942],[103.4181172,14.9190527],[103.4188097,14.9230974],[103.4212105,14.923841],[103.4226878,14.9273503],[103.4259812,14.9286886],[103.4254579,14.9341309],[103.4281665,14.9422198],[103.4242883,14.9429038],[103.421826,14.9497137],[103.4236728,14.9544121],[103.4211489,14.9561665],[103.4176401,14.9558097],[103.4168399,14.9587833],[103.4204102,14.9667523],[103.4296438,14.9707367],[103.428505,14.9719558],[103.4219492,14.9710935],[103.4200101,14.9727586],[103.4211181,14.9773673],[103.4225955,14.9777835],[103.4255195,14.9755833],[103.4307211,14.9768618],[103.4306903,14.9787647],[103.4282588,14.983403],[103.4202563,14.9851869],[103.4221184,14.9895872],[103.4254425,14.9867925],[103.4271046,14.9876844],[103.4267968,14.9934226],[103.4243961,14.9943145],[103.4190406,15.0010038],[103.4110689,15.001866],[103.4095299,15.0034119],[103.4147315,15.0044524],[103.4180095,15.0129549],[103.4165937,15.0182464],[103.4191483,15.0180086],[103.4207796,15.0241918],[103.4247192,15.0261241],[103.4246269,15.0287994],[103.4214259,15.0274023],[103.4221031,15.0308802],[103.431706,15.0274915],[103.437277,15.0298993],[103.4418938,15.0337339],[103.4435251,15.0396788],[103.448265,15.0456831],[103.4405703,15.0567995],[103.4339529,15.0607822],[103.4266275,15.0613469],[103.4239806,15.0630113],[103.4227494,15.0658645],[103.4256426,15.0706495],[103.431983,15.0713628],[103.4367537,15.0822103],[103.4417399,15.0858062],[103.442417,15.0877379],[103.439216,15.0899667],[103.4361997,15.0865789],[103.431706,15.0850633],[103.431152,15.0816754],[103.4287513,15.0829533],[103.4323524,15.0896695],[103.4313982,15.0997435],[103.4329064,15.1009322],[103.4352456,15.0989412],[103.4397085,15.0993572],[103.4402317,15.1038443],[103.4422016,15.1062512],[103.4409396,15.1082422],[103.4345684,15.1092227],[103.4280126,15.1052112],[103.4261351,15.1058649],[103.4280587,15.1182261],[103.4329025,15.1206021],[103.4333746,15.1223111],[103.4292762,15.1283079],[103.4258966,15.1275518],[103.4242658,15.130431],[103.4254781,15.1324817],[103.424813,15.135423],[103.4291796,15.1408809],[103.4209796,15.151978],[103.4251955,15.1519092],[103.4261197,15.1558401],[103.4294359,15.1596442],[103.4243736,15.1624028],[103.4227671,15.1670003],[103.4204321,15.1682623],[103.4229187,15.1743772],[103.4281458,15.1786688],[103.4290255,15.1841298],[103.428193,15.1865371],[103.4259667,15.187439],[103.4182613,15.1883843],[103.4201984,15.1923675],[103.4189517,15.2010086],[103.4211806,15.2050304],[103.4260563,15.2082823],[103.4316938,15.205328],[103.4361602,15.206792],[103.4353872,15.2093632],[103.430607,15.2105351],[103.4285186,15.2138294],[103.4306327,15.217411],[103.4373749,15.2206127],[103.4371693,15.2244252],[103.4339378,15.2290661],[103.4364969,15.2426377],[103.4404384,15.2510903],[103.4467709,15.2543523],[103.4476802,15.2572098],[103.4465467,15.2586414],[103.4436887,15.257434],[103.441746,15.2582449],[103.4415031,15.2634351],[103.4442304,15.263399],[103.4530287,15.2551813],[103.4591914,15.2567941],[103.4614534,15.2597047],[103.4612479,15.2621916],[103.4579789,15.2662283],[103.4635455,15.2764639],[103.4617896,15.2813472],[103.4628849,15.2830717],[103.4676738,15.2821401],[103.4690375,15.2802481],[103.4701022,15.2879963],[103.4740997,15.2874017],[103.475426,15.2855277],[103.4769578,15.2860683],[103.4769951,15.2917983],[103.480507,15.2956723],[103.4820574,15.2928614],[103.486111,15.2929875],[103.4886701,15.2914019],[103.4948719,15.2942308],[103.4996726,15.2916722],[103.5053255,15.2922585],[103.5050691,15.2954362],[103.5009198,15.2947171],[103.4978491,15.2979563],[103.4970154,15.3015272],[103.4992769,15.3051565],[103.5029331,15.3056889],[103.5037596,15.3114065],[103.5032268,15.3139035],[103.5005086,15.3149424],[103.4993079,15.3093578],[103.4961248,15.3078692],[103.495093,15.3126019],[103.4915213,15.3172347],[103.4900434,15.316511],[103.4898282,15.3126759],[103.4858757,15.3109801],[103.4850555,15.3175155],[103.4818349,15.3200512],[103.4760436,15.3187671],[103.4720628,15.3204633],[103.4687618,15.3261573],[103.474507,15.328932],[103.4722889,15.3312452],[103.4724942,15.3365259],[103.4703137,15.338475],[103.4694686,15.3461983],[103.4676695,15.3472793],[103.4649704,15.3458156],[103.4650879,15.3413837],[103.4627939,15.3376033],[103.4591517,15.3353999],[103.452352,15.3372275],[103.4514322,15.3437224],[103.4468137,15.345207],[103.4437346,15.3441975],[103.4415177,15.3403374],[103.4422567,15.3381401],[103.4490921,15.3378431],[103.4510012,15.335527],[103.4429341,15.3306571],[103.4411482,15.331251],[103.4389929,15.3354676],[103.4357907,15.3353488],[103.4324653,15.3292912],[103.4352981,15.3259653],[103.4354212,15.32258],[103.4288013,15.3209764],[103.4312645,15.315928],[103.4307719,15.3103449],[103.4273233,15.3083849],[103.4259686,15.3090976],[103.424737,15.3155716],[103.4188868,15.3167001],[103.4168546,15.3159874],[103.4146993,15.3105231],[103.4132829,15.3105231],[103.411066,15.3143244],[103.4089723,15.3141462],[103.4066938,15.3099292],[103.4029374,15.3089194],[103.4005973,15.3145619],[103.3960711,15.3136116],[103.3863413,15.3184819],[103.3857255,15.3205013],[103.3876345,15.3244211],[103.3807375,15.329113],[103.3774737,15.3370117],[103.3745178,15.3392684],[103.3711925,15.3402186],[103.3656502,15.3377837],[103.3604774,15.3383182],[103.3615243,15.3451476],[103.3531493,15.3444944],[103.3494545,15.3472855],[103.3480997,15.3460384],[103.3501319,15.340278],[103.347607,15.339209],[103.3448975,15.3403374],[103.3423111,15.3438412],[103.3408332,15.342891],[103.3397247,15.3359427],[103.3378773,15.3350519],[103.3282091,15.3373086],[103.3271006,15.3358833],[103.329687,15.331251],[103.3242679,15.3333296],[103.3203883,15.3276876],[103.3136145,15.3273313],[103.3167551,15.3224018],[103.3172477,15.3201449],[103.3158314,15.3180662],[103.3059784,15.3191946],[103.3004978,15.3089788],[103.293416,15.3003069],[103.289598,15.2986437],[103.2883663,15.2988813],[103.2886127,15.3021482],[103.2870731,15.3039301],[103.281223,15.3074939],[103.2847331,15.316225],[103.2764197,15.316225],[103.275496,15.3193728],[103.270939,15.3176504],[103.2660741,15.3177692],[103.2645346,15.3145619],[103.2665668,15.3115328],[103.2655199,15.3104043],[103.2624582,15.314158],[103.2582988,15.3134058],[103.256362,15.3098285],[103.2510046,15.3068106],[103.2484201,15.3070356],[103.2479953,15.3085099],[103.2540939,15.3133454],[103.2526182,15.320702],[103.2505192,15.3209589],[103.2446147,15.3172398],[103.2344513,15.3202693],[103.2320896,15.3243203],[103.2298135,15.3225985],[103.231809,15.318356],[103.2306718,15.3171764],[103.2276908,15.3179152],[103.2281612,15.3213154],[103.2256947,15.3230786],[103.219215,15.3212989],[103.2188051,15.3227641],[103.2218307,15.3243783],[103.2187837,15.3284541],[103.2227392,15.3277428],[103.2235648,15.3306105],[103.2174966,15.3356153],[103.2125399,15.3310626],[103.2102976,15.3310626],[103.2104225,15.3365067],[103.2136734,15.3408937],[103.2118747,15.3428579],[103.2070896,15.3392884],[103.2016823,15.3429717],[103.2010064,15.3361637],[103.1966719,15.3354601],[103.1956312,15.3449479],[103.1926127,15.352947],[103.1872375,15.3578717],[103.1893441,15.3602496],[103.1936357,15.3579115],[103.1966076,15.3582839],[103.1974085,15.3622996],[103.1944258,15.3657343],[103.1906171,15.3645756],[103.1817014,15.3681137],[103.1789693,15.3662707],[103.1800208,15.3618118],[103.1783578,15.3595254],[103.1763622,15.3593185],[103.173923,15.3631169],[103.1708154,15.3635809],[103.1696487,15.3597447],[103.1660411,15.3581287],[103.1629512,15.3534111],[103.1562741,15.3527298],[103.1561775,15.35453],[103.1585953,15.3569804],[103.1586452,15.3619582],[103.1626401,15.3607669],[103.163913,15.3643894],[103.1551583,15.3646273],[103.1549115,15.3663032],[103.1577906,15.3676259],[103.1566856,15.3729122],[103.1551615,15.3740559],[103.1499851,15.3733818],[103.1479895,15.3757818],[103.1499046,15.3788811],[103.1536597,15.3778466],[103.1553709,15.3788852],[103.1535524,15.3809293],[103.1545341,15.3841609],[103.1505215,15.3859609],[103.1490248,15.384074],[103.1495827,15.3817776],[103.1482899,15.38143],[103.1456978,15.3871153],[103.1413205,15.3883566],[103.1409771,15.3946458],[103.1443256,15.3965283],[103.146128,15.4018657],[103.1386189,15.4120631],[103.1362092,15.412089],[103.1330185,15.4085061],[103.1362586,15.4044722],[103.1351374,15.4005944],[103.1301217,15.4006451],[103.1274395,15.4030241],[103.1252723,15.4015761],[103.1175138,15.4019254],[103.1152469,15.4033944],[103.1138719,15.4099149],[103.1077401,15.4088759],[103.096034,15.4169725],[103.0919461,15.4175099],[103.0899022,15.4194803],[103.0903853,15.4244957],[103.0949191,15.4281855],[103.1006835,15.4300734],[103.1005843,15.4356195],[103.1011337,15.4365636],[103.1018503,15.4355735],[103.1040957,15.4399023],[103.1056484,15.439603],[103.1071757,15.4421213],[103.1066356,15.4447875],[103.1081187,15.4457361],[103.1065245,15.4470215],[103.1107563,15.4506339],[103.1057797,15.4573532],[103.1072298,15.4637809],[103.1090574,15.4642604],[103.108408,15.4652695],[103.1154811,15.4670685],[103.1139238,15.4719455],[103.1125964,15.4721766],[103.1112629,15.4776417],[103.1135882,15.4777899],[103.1113522,15.4813157]]]}},{"type":"Feature","properties":{"shapeName":"Bueng Kan Province"},"geometry":{"type":"Polygon","coordinates":[[[103.3997192,17.9861069],[103.4102631,17.9841614],[103.4249878,17.9783287],[103.4327469,17.9783287],[103.4347076,17.9802742],[103.4330368,17.989994],[103.4394226,17.9919395],[103.4552612,17.992218],[103.4641571,17.9988823],[103.4763794,18.0113869],[103.4808197,18.0230522],[103.4794312,18.033886],[103.4752731,18.0419426],[103.4755402,18.0447197],[103.4777679,18.0469437],[103.4833221,18.0499992],[103.4963684,18.0538864],[103.5013886,18.0611076],[103.5066528,18.0638847],[103.5099869,18.0647202],[103.519989,18.0619431],[103.5308228,18.0636101],[103.5385895,18.0627747],[103.5613709,18.0522194],[103.5660934,18.0486069],[103.5708313,18.0411072],[103.5761032,18.0383301],[103.5791626,18.0386086],[103.582489,18.0436096],[103.5855408,18.0447197],[103.5880432,18.0430527],[103.5922089,18.0352745],[103.6094208,18.015274],[103.6155396,18.0133324],[103.6280365,18.0130539],[103.6347198,18.0113869],[103.6383209,18.0069427],[103.6374969,18.0044441],[103.6185913,17.9983292],[103.6169281,17.9919395],[103.6205292,17.9711075],[103.6244202,17.9666634],[103.6316528,17.9680519],[103.6345062,17.9588737],[103.6397171,17.9556198],[103.6443024,17.9562149],[103.652298,17.9636421],[103.6555481,17.9644394],[103.6583328,17.9630508],[103.6602631,17.9569397],[103.6591492,17.9469414],[103.6655426,17.9408302],[103.6713715,17.9386063],[103.6738663,17.9394379],[103.6802673,17.945549],[103.6860962,17.947773],[103.6921997,17.9413834],[103.7069397,17.9355507],[103.7255402,17.9172173],[103.7358093,17.9108276],[103.7422028,17.908886],[103.7438736,17.910553],[103.7447128,17.9216614],[103.7491531,17.9374962],[103.7558289,17.9469414],[103.7583313,17.9486046],[103.7616577,17.9486046],[103.7630463,17.9458275],[103.7580414,17.9266624],[103.7586136,17.9230499],[103.7638931,17.9202728],[103.7727737,17.9238853],[103.7760925,17.9238853],[103.7766571,17.9202728],[103.7727737,17.9119415],[103.7724915,17.904995],[103.7780533,17.8941612],[103.7752686,17.8888855],[103.7613831,17.8822174],[103.7599869,17.8791618],[103.7599869,17.8719406],[103.7672119,17.8627739],[103.7788696,17.8536072],[103.7833328,17.8461075],[103.7905426,17.8408318],[103.8019333,17.8413849],[103.8060913,17.8455505],[103.7955322,17.8633308],[103.7969437,17.8702736],[103.8038635,17.8699951],[103.8149872,17.8644409],[103.8272095,17.863884],[103.8408203,17.867218],[103.8483276,17.8761063],[103.8516464,17.8769417],[103.8572083,17.8741646],[103.8591537,17.8680534],[103.8591537,17.8611069],[103.8660889,17.8552742],[103.8710938,17.8577728],[103.8769226,17.8683281],[103.8816528,17.8719406],[103.8972168,17.8772202],[103.9005432,17.8763847],[103.9044266,17.8719406],[103.89888,17.8652725],[103.8977737,17.8544426],[103.8947067,17.8449974],[103.8961029,17.8422203],[103.9016571,17.8394394],[103.9044266,17.8408318],[103.9135971,17.8519402],[103.9172134,17.8527756],[103.9199829,17.8516617],[103.9216537,17.8491631],[103.9222107,17.8344421],[103.9177628,17.8222198],[103.9197083,17.8122177],[103.9260864,17.806385],[103.9347076,17.8022194],[103.9360962,17.7994423],[103.9347076,17.7886086],[103.9371872,17.7830544],[103.9419327,17.7791634],[103.9502716,17.7749977],[103.9541626,17.7747192],[103.9588776,17.7783318],[103.9627686,17.7780533],[103.9647064,17.7761078],[103.9660873,17.7661095],[103.9685974,17.765274],[103.9827576,17.7797203],[103.9938736,17.7813873],[103.9947128,17.7886086],[103.9924774,17.7947197],[103.9927521,17.7983322],[103.9966431,17.8027763],[104.0044403,17.8036079],[104.0102997,17.8010101],[104.0086136,17.804718],[104.0133209,17.8094406],[104.016098,17.8158302],[104.0141602,17.827774],[104.0069427,17.8391647],[103.9922028,17.8519402],[103.9863663,17.8647194],[103.9894333,17.8761063],[103.9972076,17.8874969],[103.997757,17.9127731],[104.0,17.9194412],[104.0083313,17.9249954],[104.0319366,17.9347191],[104.0441437,17.9347191],[104.0469437,17.9322166],[104.0499878,17.9174957],[104.0552521,17.9094391],[104.0663834,17.8972168],[104.0666733,17.8930511],[104.0649872,17.8897171],[104.0694427,17.8799973],[104.0755463,17.8755531],[104.0877686,17.8699951],[104.0960999,17.8633308],[104.1027679,17.8608284],[104.109993,17.8622169],[104.1133118,17.8691635],[104.1116486,17.8808289],[104.1130371,17.8847198],[104.1330414,17.9019394],[104.1347198,17.9094391],[104.1302567,17.9277725],[104.1296997,17.9366608],[104.1333313,17.9519386],[104.1324768,17.9555511],[104.1294327,17.9616623],[104.1199799,17.9666634],[104.1160889,17.9763832],[104.1166534,17.988884],[104.1194305,17.9955482],[104.1244202,18.0],[104.1322021,18.0011101],[104.1683197,17.9980507],[104.1810913,18.0038872],[104.187899,18.02484],[104.169483,18.046326],[104.15473,18.059765],[104.142651,18.074394],[104.130076,18.086279],[104.105323,18.115444],[104.100967,18.123307],[104.086313,18.165181],[104.080471,18.175877],[104.076313,18.178529],[104.065917,18.197089],[104.061956,18.207328],[104.06255,18.214917],[104.06057,18.218574],[104.021856,18.271053],[104.018094,18.278367],[104.000071,18.301132],[103.989279,18.320789],[103.973041,18.33688],[103.962744,18.339348],[103.95314,18.339257],[103.9292039,18.3304476],[103.910763,18.318229],[103.885911,18.293818],[103.870861,18.286595],[103.858088,18.283761],[103.850563,18.290069],[103.843435,18.31064],[103.834128,18.327829],[103.8269,18.33368],[103.818088,18.338251],[103.793929,18.342823],[103.775513,18.342914],[103.754324,18.339714],[103.748998,18.339934],[103.746304,18.343828],[103.707252,18.341963],[103.697619,18.343211],[103.689788,18.347113],[103.674127,18.361731],[103.650071,18.379835],[103.634522,18.390447],[103.610466,18.403193],[103.599706,18.405273],[103.578073,18.404389],[103.569341,18.405429],[103.544328,18.420204],[103.524159,18.425614],[103.503315,18.425146],[103.490135,18.423333],[103.482887,18.424163],[103.474441,18.427537],[103.46288,18.424661],[103.457189,18.424882],[103.427358,18.441918],[103.413701,18.44756],[103.405734,18.448611],[103.378598,18.440701],[103.348228,18.433953],[103.334271,18.432957],[103.312827,18.433732],[103.306956,18.431519],[103.295515,18.424218],[103.29234,18.420623],[103.287848,18.411054],[103.28042,18.400378],[103.257897,18.378253],[103.250109,18.374297],[103.246515,18.370536],[103.24388,18.363954],[103.24358,18.354053],[103.252326,18.33782],[103.258196,18.334612],[103.276586,18.331459],[103.289345,18.324655],[103.297432,18.315363],[103.299109,18.30867],[103.298211,18.304024],[103.2952625,18.274391],[103.2587106,18.2621801],[103.3997192,17.9861069]]]}},{"type":"Feature","properties":{"shapeName":"Ubon Ratchathani Province"},"geometry":{"type":"Polygon","coordinates":[[[104.9072817,14.399397],[104.916215,14.3988149],[104.9220914,14.4014661],[104.9326486,14.3934686],[104.9373285,14.3919486],[104.9430697,14.3840951],[104.950365,14.3814418],[104.9553454,14.381297],[104.9580407,14.3912762],[104.9649474,14.3888191],[104.9690564,14.392095],[104.9724566,14.392335],[104.9777818,14.3870044],[104.9837576,14.3849174],[104.9900471,14.3788598],[104.9943819,14.3796692],[104.9950061,14.3736564],[105.0013552,14.3660185],[105.0026661,14.3619915],[104.9985734,14.3506894],[104.9927161,14.3430976],[104.9932061,14.3275492],[104.9914707,14.3223264],[104.9852857,14.3202375],[104.9844892,14.3182923],[104.9910953,14.3112672],[105.0027639,14.302689],[105.0049534,14.2907561],[105.0153798,14.2766618],[105.0153824,14.2725783],[105.0201452,14.2638978],[105.0266395,14.2648409],[105.0209373,14.2514348],[105.022792,14.2413496],[105.0267823,14.2376601],[105.0315197,14.2378641],[105.0320959,14.2343219],[105.0367083,14.230509],[105.0461682,14.2272206],[105.0467132,14.222252],[105.0501935,14.2148958],[105.0765595,14.2130646],[105.0824705,14.209568],[105.0858961,14.2103286],[105.0934133,14.2157655],[105.102539,14.2131352],[105.1091008,14.2141529],[105.1150784,14.2214524],[105.1276882,14.2254742],[105.1465417,14.2422008],[105.1540648,14.2546681],[105.1537633,14.2577922],[105.1511575,14.2596068],[105.1435961,14.259495],[105.1450176,14.2625345],[105.1533091,14.2689693],[105.1501006,14.2769981],[105.1514467,14.2849314],[105.1545804,14.2877391],[105.160271,14.2891662],[105.1608044,14.3009981],[105.169174,14.3044553],[105.1709412,14.3090133],[105.1742829,14.3106701],[105.1767497,14.3147065],[105.1760162,14.3212397],[105.1684739,14.3257027],[105.1672077,14.3283551],[105.1683735,14.3349423],[105.1757555,14.3455349],[105.1814379,14.3423468],[105.1860644,14.3419759],[105.1928865,14.3467874],[105.1980461,14.3484514],[105.203895,14.344011],[105.210135,14.342799],[105.216722,14.334948],[105.220974,14.33676],[105.224851,14.333784],[105.228168,14.333482],[105.233587,14.336846],[105.235689,14.350003],[105.241108,14.350046],[105.246107,14.354144],[105.246948,14.358544],[105.251295,14.361565],[105.261151,14.362125],[105.266477,14.360702],[105.275586,14.353843],[105.279277,14.353326],[105.28208,14.35449],[105.283855,14.365792],[105.289367,14.364929],[105.291236,14.367862],[105.295954,14.368725],[105.303475,14.366137],[105.305064,14.375109],[105.320293,14.397454],[105.323376,14.398101],[105.329589,14.395211],[105.338652,14.387878],[105.340567,14.384297],[105.342389,14.384254],[105.352386,14.387533],[105.361122,14.387878],[105.372146,14.399309],[105.37607,14.397799],[105.381863,14.400128],[105.386721,14.396117],[105.387002,14.410567],[105.392935,14.406469],[105.400456,14.409661],[105.404006,14.414665],[105.403492,14.420747],[105.407416,14.424802],[105.407463,14.428986],[105.413162,14.428728],[105.422272,14.420618],[105.42372,14.416434],[105.429139,14.416089],[105.430307,14.42463],[105.434417,14.427779],[105.44007,14.427951],[105.441705,14.429978],[105.44376,14.4421],[105.44932,14.448096],[105.449974,14.452107],[105.456,14.454092],[105.457822,14.461899],[105.461232,14.466644],[105.469547,14.470397],[105.474032,14.481397],[105.47847,14.486142],[105.479731,14.493044],[105.487673,14.500592],[105.487159,14.501886],[105.482254,14.503439],[105.480665,14.506286],[105.483281,14.505898],[105.496922,14.512757],[105.500589,14.512655],[105.500823,14.520463],[105.507923,14.523483],[105.514136,14.532154],[105.516659,14.538365],[105.522358,14.538538],[105.526376,14.536122],[105.524087,14.541256],[105.524133,14.551436],[105.526282,14.552688],[105.532682,14.552644],[105.534831,14.55795],[105.528945,14.571841],[105.536326,14.57883],[105.538849,14.583488],[105.535625,14.592159],[105.531701,14.592806],[105.528945,14.595222],[105.530113,14.608595],[105.542259,14.619768],[105.537354,14.623047],[105.532636,14.622227],[105.529926,14.623176],[105.527684,14.629302],[105.524507,14.633098],[105.530533,14.640431],[105.528151,14.647161],[105.5175,14.652079],[105.519275,14.654667],[105.516192,14.65924],[105.516379,14.666271],[105.52745,14.679386],[105.520583,14.688962],[105.51708,14.690947],[105.515211,14.696253],[105.518061,14.699661],[105.52362,14.700696],[105.524787,14.704104],[105.524227,14.7101],[105.52063,14.714069],[105.522031,14.718987],[105.519882,14.727097],[105.530066,14.730721],[105.546557,14.731368],[105.54366,14.738701],[105.541044,14.740168],[105.53329,14.739089],[105.530954,14.740039],[105.526282,14.742972],[105.52119,14.749141],[105.515678,14.750481],[105.512595,14.753242],[105.512128,14.75445],[105.517547,14.762387],[105.512408,14.765665],[105.51409,14.773429],[105.515398,14.775414],[105.520443,14.777225],[105.525115,14.782402],[105.525021,14.784127],[105.515211,14.791288],[105.515211,14.792409],[105.519322,14.793272],[105.520163,14.794739],[105.513062,14.796809],[105.511194,14.799139],[105.516986,14.808801],[105.519322,14.823122],[105.522779,14.82502],[105.537074,14.819499],[105.543054,14.829852],[105.553705,14.835114],[105.555854,14.839083],[105.559871,14.8396],[105.558376,14.842534],[105.551369,14.845467],[105.5495,14.8528],[105.546698,14.85582],[105.546791,14.858408],[105.54268,14.86229],[105.542867,14.866862],[105.547165,14.870572],[105.54922,14.874886],[105.552397,14.876266],[105.55875,14.876007],[105.570523,14.881097],[105.579959,14.87894],[105.578558,14.89214],[105.576689,14.89723],[105.570523,14.905426],[105.564169,14.910947],[105.55819,14.924061],[105.555947,14.924665],[105.551369,14.923026],[105.545296,14.92639],[105.547538,14.928547],[105.553051,14.94166],[105.55221,14.950288],[105.556601,14.956068],[105.561086,14.954256],[105.567159,14.955723],[105.569121,14.954084],[105.569495,14.950546],[105.583229,14.941315],[105.584631,14.945974],[105.592292,14.955464],[105.594721,14.962107],[105.603597,14.96504],[105.606587,14.971252],[105.611913,14.973236],[105.618079,14.972287],[105.624152,14.975738],[105.620975,14.976342],[105.619294,14.979793],[105.613408,14.983848],[105.606213,14.992992],[105.583136,14.998686],[105.57482,14.998341],[105.573115,15.000847],[105.573956,15.004989],[105.572835,15.006196],[105.572648,15.012753],[105.574143,15.015945],[105.5719,15.02138],[105.565267,15.023882],[105.564426,15.029404],[105.557138,15.028886],[105.552093,15.030698],[105.546954,15.038376],[105.546861,15.044674],[105.551906,15.047262],[105.554989,15.054509],[105.554242,15.06374],[105.551999,15.064775],[105.548075,15.063826],[105.544245,15.068312],[105.54004,15.06883],[105.538452,15.067191],[105.538732,15.064603],[105.536957,15.063481],[105.532659,15.065379],[105.526866,15.062101],[105.519672,15.064689],[105.513412,15.063395],[105.513599,15.077889],[105.516215,15.082634],[105.515281,15.084618],[105.495754,15.093847],[105.489867,15.093761],[105.47959,15.099541],[105.481739,15.103769],[105.482673,15.111878],[105.470527,15.120937],[105.4665409,15.1307689],[105.471742,15.135776],[105.47604,15.137587],[105.483234,15.148458],[105.48641,15.150183],[105.469593,15.156395],[105.469499,15.159156],[105.473143,15.167265],[105.478656,15.167869],[105.476226,15.175375],[105.474358,15.176669],[105.476133,15.180206],[105.478749,15.181414],[105.482393,15.187022],[105.487718,15.189006],[105.489681,15.193664],[105.491456,15.193837],[105.493605,15.190731],[105.495286,15.193147],[105.49538,15.194527],[105.491269,15.197202],[105.494352,15.204707],[105.504349,15.210403],[105.508647,15.211352],[105.51173,15.216873],[105.516028,15.218685],[105.516215,15.221791],[105.521728,15.231367],[105.5235155,15.2320009],[105.530884,15.24172],[105.531071,15.244222],[105.534061,15.244049],[105.53976,15.252069],[105.548169,15.253191],[105.552654,15.252156],[105.556484,15.248621],[105.557326,15.249999],[105.554803,15.256124],[105.560502,15.26225],[105.579002,15.258454],[105.581898,15.259834],[105.590961,15.271222],[105.592362,15.27381],[105.591615,15.278211],[105.586009,15.287701],[105.582178,15.304524],[105.582272,15.309011],[105.584888,15.314532],[105.577507,15.320313],[105.5746446,15.3289865],[105.565734,15.324109],[105.553215,15.321348],[105.5396077,15.3245401],[105.5198845,15.3225202],[105.5083033,15.3184822],[105.496221,15.320747],[105.485197,15.329978],[105.473051,15.335586],[105.467445,15.347665],[105.468286,15.353272],[105.4761539,15.3689572],[105.494072,15.386402],[105.524438,15.393215],[105.540228,15.392179],[105.552934,15.396321],[105.555363,15.398823],[105.56125,15.39865],[105.578721,15.408227],[105.588905,15.420478],[105.595165,15.436438],[105.597594,15.448085],[105.59638,15.455937],[105.597594,15.462752],[105.602079,15.472156],[105.60264,15.478627],[105.596754,15.497693],[105.593251,15.504227],[105.592813,15.509892],[105.606836,15.539757],[105.607888,15.546231],[105.621561,15.558452],[105.624892,15.56347],[105.627959,15.579009],[105.627171,15.595439],[105.628573,15.605232],[105.636812,15.633801],[105.635848,15.639224],[105.636812,15.651121],[105.634708,15.662614],[105.626469,15.67621],[105.611482,15.690212],[105.607625,15.697496],[105.601051,15.720481],[105.59588,15.724528],[105.559419,15.739257],[105.556614,15.746622],[105.550828,15.750345],[105.53777,15.748241],[105.532511,15.748727],[105.523307,15.75601],[105.515507,15.757224],[105.509547,15.765722],[105.504025,15.767179],[105.495611,15.766287],[105.473261,15.751719],[105.466599,15.74557],[105.435484,15.754309],[105.431978,15.757142],[105.420584,15.773086],[105.419006,15.778994],[105.420759,15.785873],[105.41962,15.789434],[105.410154,15.794452],[105.401652,15.794614],[105.39429,15.802384],[105.390433,15.808696],[105.389644,15.82375],[105.385963,15.836618],[105.378162,15.846816],[105.372728,15.85758],[105.371063,15.865431],[105.3604441,15.884903],[105.352219,15.906302],[105.346346,15.909054],[105.343454,15.912291],[105.342227,15.922246],[105.347836,15.931877],[105.349764,15.942884],[105.3517089,15.9462213],[105.359581,15.950815],[105.361509,15.953486],[105.367119,15.968944],[105.373692,15.973962],[105.374569,15.980437],[105.376935,15.983512],[105.392712,15.991444],[105.417166,15.985778],[105.425142,15.990715],[105.425405,15.995895],[105.423106,16.001433],[105.424078,16.005261],[105.41786,16.012139],[105.407885,16.016146],[105.364358,16.020692],[105.352828,16.028885],[105.312086,16.029603],[105.308977,16.034388],[105.298096,16.038993],[105.288509,16.038754],[105.262536,16.043898],[105.240254,16.044256],[105.211107,16.049639],[105.164212,16.067343],[105.153395,16.070154],[105.147176,16.07464],[105.138432,16.075178],[105.133639,16.079664],[105.124636,16.079903],[105.12198,16.077331],[105.119778,16.077212],[105.106305,16.088396],[105.101188,16.090609],[105.08642,16.089293],[105.08506,16.088336],[105.08642,16.086243],[105.084606,16.085406],[105.0600095,16.0978688],[105.0046945,16.0198437],[105.0230391,15.9770179],[104.964908,15.857882],[104.9577607,15.7910663],[104.9026077,15.7577076],[104.8924824,15.6530103],[104.9297673,15.6408514],[104.9276119,15.6073771],[104.8911398,15.5782104],[104.8844583,15.5574299],[104.8761198,15.5559381],[104.8590855,15.5748722],[104.7400552,15.6561517],[104.6356221,15.6875545],[104.6046208,15.672129],[104.6277303,15.655842],[104.5824643,15.6043344],[104.5855143,15.567356],[104.5471048,15.5501533],[104.519989,15.5588865],[104.5183334,15.5511093],[104.5158234,15.5488873],[104.5074921,15.5483322],[104.497757,15.5433311],[104.4960938,15.5355549],[104.4916534,15.5311108],[104.4747009,15.5341644],[104.4408112,15.5324993],[104.4369202,15.5316658],[104.4252625,15.5249996],[104.4111023,15.5297203],[104.4063721,15.5299988],[104.4030533,15.5291653],[104.39888,15.5227757],[104.3980408,15.5147209],[104.4002686,15.4777756],[104.3966522,15.4661083],[104.3839111,15.4406223],[104.387207,15.4111099],[104.3841629,15.3980541],[104.3874969,15.393055],[104.3983307,15.3916664],[104.4008179,15.3899994],[104.4049835,15.3861103],[104.4147034,15.371109],[104.4199829,15.36833],[104.422493,15.369997],[104.426651,15.3780537],[104.4313736,15.3816643],[104.4341431,15.3805523],[104.4371872,15.3752747],[104.4349823,15.3530521],[104.4360962,15.3499985],[104.4421997,15.3477764],[104.4430389,15.3447208],[104.4371872,15.3383312],[104.4377594,15.3347206],[104.4360962,15.328331],[104.4299774,15.3258305],[104.4290314,15.3220959],[104.4263763,15.3197193],[104.4260864,15.3108311],[104.4180908,15.2846975],[104.4369202,15.2802773],[104.4494171,15.2733326],[104.461647,15.2622204],[104.4677582,15.2591648],[104.5019379,15.2591648],[104.5219269,15.2494411],[104.5327606,15.2463856],[104.5413666,15.246664],[104.5519333,15.250555],[104.5588684,15.247776],[104.5699921,15.2399979],[104.5774765,15.2377758],[104.5841522,15.2408314],[104.5947113,15.2530537],[104.6010895,15.2555542],[104.6208191,15.250555],[104.6477737,15.2508316],[104.6492767,15.2498016],[104.6513824,15.2391644],[104.6563721,15.2361088],[104.6627731,15.2355537],[104.6644287,15.2419415],[104.6630402,15.2552776],[104.6652679,15.2572212],[104.6680527,15.2569427],[104.6744232,15.2508316],[104.6835938,15.2355537],[104.6944275,15.2355537],[104.6960907,15.2333317],[104.6969299,15.2299976],[104.6888733,15.2174969],[104.6885834,15.2138863],[104.6921997,15.2094421],[104.707489,15.203886],[104.7111435,15.1994667],[104.7158203,15.1886101],[104.7074432,15.1836376],[104.7044373,15.1783314],[104.7077637,15.1694431],[104.7183228,15.1674976],[104.7272034,15.1705532],[104.731369,15.1705532],[104.7374878,15.1683311],[104.7383118,15.1577759],[104.7358093,15.1522217],[104.7277679,15.1438885],[104.7202606,15.1388874],[104.7091522,15.1336098],[104.6879425,15.1373291],[104.6874771,15.09972],[104.6894226,15.0927753],[104.69664,15.0808315],[104.6983185,15.0611095],[104.6969299,15.0483322],[104.6905365,15.0358315],[104.6891479,15.0277767],[104.6924667,15.0041656],[104.6919327,14.9872189],[104.6933136,14.9836082],[104.6933136,14.975275],[104.6977463,14.9572201],[104.7091522,14.9411087],[104.7241516,14.9274979],[104.7338715,14.9233322],[104.7510986,14.9249992],[104.766098,14.9205532],[104.8008118,14.9030533],[104.8066406,14.8994427],[104.8135986,14.891943],[104.8249969,14.8674955],[104.8302765,14.8591633],[104.8330536,14.8483315],[104.8311005,14.8452759],[104.8219299,14.8405533],[104.8177567,14.8358307],[104.8144226,14.8241653],[104.8158112,14.8122196],[104.8230362,14.7974987],[104.8341522,14.7805538],[104.8472137,14.7488861],[104.8660889,14.7169418],[104.8769226,14.7094421],[104.8886032,14.706665],[104.8958282,14.6997204],[104.9174805,14.6486092],[104.9169312,14.6449986],[104.9127731,14.644722],[104.9038696,14.6499996],[104.8972168,14.6572208],[104.8869324,14.6613884],[104.8746872,14.6597214],[104.8658066,14.6549988],[104.86026,14.6502762],[104.8547134,14.6427755],[104.8499908,14.6327744],[104.8394318,14.5819416],[104.8311005,14.5522213],[104.8341522,14.5419426],[104.8608093,14.521944],[104.8708191,14.5041656],[104.8735962,14.49333],[104.8738709,14.4811096],[104.8716431,14.4738855],[104.8658066,14.4649982],[104.8585968,14.4588871],[104.8519287,14.4505539],[104.8519287,14.4469433],[104.8547134,14.4405537],[104.8574829,14.4388866],[104.8621979,14.4388866],[104.8713684,14.4427757],[104.8838806,14.4436092],[104.894989,14.4402752],[104.9108124,14.4230537],[104.9163818,14.4108315],[104.908758,14.4057024],[104.9072817,14.399397]]]}},{"type":"Feature","properties":{"shapeName":"Maha Sarakham Province"},"geometry":{"type":"Polygon","coordinates":[[[103.5111389,16.1982918],[103.5005493,16.2002716],[103.4980316,16.2016602],[103.4949799,16.2069397],[103.4919281,16.2077713],[103.4824829,16.2044411],[103.4758072,16.2052727],[103.4708328,16.2019386],[103.4591522,16.1891632],[103.453598,16.1866608],[103.4508209,16.1880493],[103.4505463,16.1941605],[103.4483185,16.196106],[103.446373,16.2022171],[103.4416504,16.2097168],[103.4424667,16.2211075],[103.4413605,16.2241631],[103.4330368,16.2249947],[103.4271393,16.2313538],[103.426651,16.2444382],[103.4197083,16.2813873],[103.4172134,16.2841644],[103.4085999,16.285553],[103.3999863,16.284996],[103.3924866,16.2874985],[103.3897095,16.2891655],[103.3810883,16.303051],[103.3735962,16.3055534],[103.3708191,16.3080521],[103.3649902,16.3197174],[103.3577576,16.348053],[103.3463669,16.3602753],[103.3397064,16.363884],[103.3216629,16.363884],[103.3108063,16.367218],[103.3069305,16.3769417],[103.3080292,16.3811073],[103.3066406,16.3930511],[103.3008118,16.4055519],[103.297493,16.4044418],[103.2949829,16.4016609],[103.2827606,16.3811073],[103.2763824,16.3777733],[103.2061005,16.3605537],[103.1930389,16.3602753],[103.1841431,16.3666649],[103.176651,16.3905525],[103.1774673,16.3988838],[103.1863709,16.4091606],[103.1913605,16.4224968],[103.196373,16.4269409],[103.1977463,16.4391632],[103.1913605,16.4561043],[103.1830368,16.4619408],[103.1794281,16.466938],[103.1752625,16.4858284],[103.1752625,16.4947166],[103.1774673,16.5019417],[103.1885834,16.5322189],[103.1949768,16.5452766],[103.1955338,16.5497208],[103.1847076,16.5666656],[103.1860962,16.5758286],[103.180542,16.6016617],[103.1855316,16.6099968],[103.1994171,16.6199951],[103.2013931,16.6227722],[103.2027664,16.6308289],[103.2002716,16.6374969],[103.1738663,16.6394386],[103.1625137,16.643425],[103.1627731,16.6338844],[103.1658173,16.6186066],[103.1647034,16.6149979],[103.1608124,16.6086082],[103.1563721,16.6047173],[103.1336136,16.5894394],[103.1291504,16.5805511],[103.1302567,16.5636101],[103.1274719,16.556385],[103.110527,16.5455513],[103.1055527,16.5319405],[103.0888824,16.5105553],[103.0811005,16.5044441],[103.0658112,16.4969406],[103.0577469,16.4952736],[103.0497131,16.4969406],[103.0452576,16.4963837],[103.039978,16.4924927],[103.0322113,16.4808273],[103.0313721,16.4774933],[103.0233231,16.4705505],[103.0116577,16.4644394],[103.0033264,16.4633293],[102.9710999,16.4536057],[102.9483185,16.4486046],[102.9356995,16.4435501],[102.9383087,16.4419403],[102.9458237,16.4413834],[102.9485931,16.4358292],[102.9483185,16.428051],[102.9502716,16.4222183],[102.9566498,16.4224968],[102.9583282,16.4202728],[102.9588776,16.4163857],[102.9549866,16.4122162],[102.9530487,16.406105],[102.9563828,16.3972168],[102.9522095,16.3930511],[102.9455338,16.3916626],[102.9405365,16.3883286],[102.9383392,16.3757744],[102.9324799,16.3736076],[102.9294281,16.367218],[102.9205322,16.3580513],[102.9174805,16.3461075],[102.9077606,16.3374977],[102.9041595,16.3219414],[102.899147,16.3138847],[102.8833313,16.3008308],[102.8613663,16.285553],[102.8510895,16.2722206],[102.8483276,16.2608299],[102.8541565,16.2344398],[102.8505402,16.219162],[102.8513794,16.2066612],[102.8552628,16.1933289],[102.8658066,16.1705513],[102.8638763,16.1461067],[102.8649902,16.1388855],[102.8710938,16.1258278],[102.8716431,16.1216621],[102.8699799,16.1094398],[102.8619232,16.094162],[102.8574829,16.079998],[102.8591537,16.072773],[102.8638763,16.0638847],[102.8644333,16.0597191],[102.8621979,16.0519409],[102.8669281,16.0430527],[102.8694305,16.0411072],[102.8824768,16.0397186],[102.8897095,16.03722],[102.89888,16.0277748],[102.898613,16.0122185],[102.9094162,15.9994411],[102.9144287,15.9905529],[102.9163818,15.9786091],[102.9135971,15.9716644],[102.9149933,15.9680538],[102.9072113,15.953331],[102.9077606,15.9441643],[102.9052582,15.9286098],[102.9197083,15.8972206],[102.9299774,15.8799973],[102.9405365,15.8580532],[102.9416504,15.8469429],[102.9355316,15.8280544],[102.9358063,15.8197193],[102.9455338,15.8016644],[102.946373,15.7891645],[103.0079434,15.7011948],[103.0059439,15.6974332],[103.0081119,15.6957078],[103.0065597,15.693975],[103.0074188,15.6893501],[103.0058223,15.6892347],[103.0049784,15.6847607],[103.002665,15.6828953],[103.0001727,15.6836637],[102.9971906,15.6819761],[102.9944481,15.6787015],[102.9911991,15.6777253],[102.9912231,15.6761637],[102.9894974,15.677527],[102.9894745,15.6746522],[102.9870528,15.6743292],[102.9852804,15.6764239],[102.9837202,15.6745931],[102.9827448,15.6760347],[102.9801144,15.6732883],[102.9799796,15.6711271],[102.9758117,15.671012],[102.9763042,15.6685693],[102.9726304,15.6678933],[102.974234,15.6661691],[102.9736839,15.6646438],[102.9753988,15.6638868],[102.9744937,15.6607862],[102.9772186,15.6602396],[102.9760333,15.658747],[102.976836,15.6569188],[102.980014,15.6582487],[102.9795275,15.6554364],[102.9820057,15.6572163],[102.9863634,15.6506908],[102.9880935,15.6524332],[102.9896779,15.6518739],[102.989619,15.650167],[102.9877102,15.6497113],[102.9888928,15.6471744],[102.9947599,15.6481608],[102.9957632,15.6436645],[102.9939108,15.6429708],[102.9928396,15.6396308],[102.9942061,15.6404596],[102.9954721,15.63913],[102.9965224,15.6407802],[103.0016373,15.6376326],[103.0021505,15.6353095],[103.0056472,15.6338162],[103.0052548,15.6300965],[103.0061685,15.6306735],[103.0077906,15.6285652],[103.0126991,15.6287001],[103.0125271,15.6268782],[103.0104059,15.6267678],[103.0103922,15.6256915],[103.0130629,15.623025],[103.0119729,15.6203264],[103.0135782,15.6180811],[103.0127647,15.6152088],[103.0153224,15.6169336],[103.0156669,15.6133916],[103.0220095,15.6084172],[103.0212488,15.6049797],[103.0239337,15.6049326],[103.0249116,15.602986],[103.0274155,15.6039942],[103.0259432,15.6003693],[103.0294871,15.59875],[103.033958,15.6005591],[103.0344327,15.5980673],[103.0399389,15.5992624],[103.0414675,15.5974546],[103.0451597,15.5979984],[103.0454144,15.5933128],[103.0490891,15.5926437],[103.0497343,15.595661],[103.0508693,15.5928507],[103.0527679,15.5927024],[103.0539833,15.5895948],[103.0514563,15.5889689],[103.0516684,15.5859169],[103.0478384,15.5820759],[103.0463719,15.5771509],[103.0479849,15.5759974],[103.0495969,15.5774586],[103.0502011,15.5759193],[103.0451293,15.5735624],[103.0476999,15.5698542],[103.0466003,15.5687964],[103.0487671,15.5676195],[103.0459694,15.5643508],[103.0500541,15.5635454],[103.0512007,15.560784],[103.0541866,15.5615204],[103.0549988,15.5605309],[103.0524667,15.5575393],[103.057507,15.5589891],[103.0608926,15.5577742],[103.0610911,15.5537822],[103.0642769,15.5543294],[103.0669452,15.5529216],[103.0770315,15.5449364],[103.077371,15.5425378],[103.0811239,15.5427276],[103.0795968,15.545853],[103.0809016,15.5469603],[103.0836852,15.5414947],[103.0873002,15.5384108],[103.0877959,15.5351492],[103.0905893,15.5333557],[103.0905036,15.5306439],[103.0875794,15.528459],[103.0888524,15.525621],[103.0829513,15.5272798],[103.0848636,15.5222637],[103.0820076,15.5203048],[103.0842196,15.5197578],[103.0839533,15.5175083],[103.0813391,15.5181197],[103.0794948,15.5136514],[103.0780491,15.5154758],[103.074832,15.5128728],[103.0720643,15.5031025],[103.0740205,15.4995508],[103.0725082,15.4991032],[103.0728057,15.4975847],[103.0760293,15.4967684],[103.0777758,15.4992901],[103.0785839,15.4971681],[103.0773988,15.4951246],[103.0786902,15.4933556],[103.0799447,15.4950485],[103.0820489,15.4949313],[103.0819874,15.4938632],[103.0843893,15.4934482],[103.0857574,15.491484],[103.0877475,15.4918391],[103.0878726,15.4901531],[103.0915177,15.4883067],[103.0940235,15.4887789],[103.1060423,15.4856748],[103.1070596,15.4842341],[103.1108787,15.4842604],[103.1096382,15.4827712],[103.1113517,15.4830539],[103.1113522,15.4813157],[103.1143442,15.4828546],[103.2039514,15.4601478],[103.215442,15.4612594],[103.214353,15.4580409],[103.2187411,15.4574618],[103.224701,15.4537391],[103.224583,15.4484652],[103.2299286,15.4472384],[103.2415506,15.4498858],[103.2506326,15.4484639],[103.2527971,15.4433565],[103.2632307,15.4380768],[103.2634399,15.4331076],[103.2618628,15.4300825],[103.2645396,15.4281382],[103.2644484,15.4265868],[103.2695231,15.4233342],[103.2905141,15.4214053],[103.2996336,15.4180853],[103.3011249,15.4161253],[103.3044509,15.4170769],[103.3136938,15.4133328],[103.3257583,15.4126527],[103.3273301,15.4142429],[103.3306561,15.4133638],[103.3302645,15.4118434],[103.3404086,15.4095472],[103.341224,15.4059271],[103.3429084,15.4085956],[103.3472911,15.4104315],[103.3483104,15.4088128],[103.3499841,15.4110987],[103.3623276,15.4127225],[103.3655409,15.4145998],[103.3738156,15.4246826],[103.3806713,15.4287342],[103.3906706,15.429272],[103.3971025,15.4316765],[103.3986636,15.4354875],[103.3997901,15.4343086],[103.4047897,15.4368992],[103.415143,15.4410643],[103.4197083,15.4466648],[103.42276,15.4624977],[103.442749,15.5077763],[103.4405365,15.5199986],[103.4341431,15.5274982],[103.4249878,15.5324993],[103.4124908,15.5341644],[103.399147,15.5330544],[103.3849869,15.5244427],[103.3802567,15.5249996],[103.3672028,15.5397205],[103.3397064,15.5499992],[103.3230362,15.5616646],[103.3186035,15.5708313],[103.3172073,15.5863857],[103.3119202,15.5913868],[103.3085938,15.5927753],[103.3047028,15.5919418],[103.298317,15.5955524],[103.2952576,15.6058311],[103.298027,15.6124973],[103.3141479,15.6241646],[103.3244324,15.6563873],[103.3291626,15.6658335],[103.3388824,15.684164],[103.3449936,15.6927757],[103.3544312,15.7019424],[103.3694305,15.7094421],[103.3858185,15.7116642],[103.4141464,15.7058315],[103.423027,15.7055531],[103.4327469,15.7094421],[103.4396973,15.7172203],[103.442749,15.7283306],[103.4452515,15.7538872],[103.4563828,15.7949982],[103.4563828,15.8202763],[103.4597168,15.8405533],[103.4788666,15.8977776],[103.4863663,15.9083328],[103.4933167,15.914999],[103.4972076,15.9266644],[103.4966431,15.9349976],[103.493042,15.9483318],[103.4822083,15.9788857],[103.4816589,15.996109],[103.4866486,16.0247192],[103.4858093,16.0369415],[103.4710999,16.0633316],[103.4677582,16.0738869],[103.4669266,16.0863838],[103.4702606,16.1016617],[103.4685974,16.1183281],[103.4716492,16.1297188],[103.4763794,16.139164],[103.5030518,16.1733284],[103.5111389,16.1982918]]]}},{"type":"Feature","properties":{"shapeName":"Mukdahan Province"},"geometry":{"type":"Polygon","coordinates":[[[104.3559265,16.3233299],[104.3685913,16.3344421],[104.3777618,16.3397179],[104.3952637,16.3447189],[104.4419327,16.3433304],[104.4663773,16.3374977],[104.4747009,16.3380508],[104.4885864,16.3422203],[104.5019379,16.3413849],[104.5086136,16.3374977],[104.5211029,16.3136101],[104.52388,16.3122177],[104.5591431,16.3099976],[104.5633087,16.3049965],[104.5705414,16.2852745],[104.5811005,16.267498],[104.5869293,16.2516632],[104.5938721,16.243885],[104.6116486,16.2372169],[104.6263733,16.2197151],[104.6369324,16.2113838],[104.644989,16.2099953],[104.6594162,16.2136078],[104.6633072,16.2197151],[104.6641464,16.2274933],[104.6683197,16.2374954],[104.6746979,16.2408295],[104.6824799,16.2419395],[104.6863709,16.2280502],[104.6891479,16.2255516],[104.6977463,16.2247162],[104.7024765,16.2163849],[104.7119293,16.2108269],[104.7280426,16.2072182],[104.7752686,16.2005501],[104.7930527,16.2008286],[104.801651,16.19944],[104.8080292,16.1958275],[104.8128433,16.1904564],[104.8219299,16.1897163],[104.8383179,16.1916618],[104.8452606,16.1941605],[104.859993,16.202774],[104.8886032,16.2111053],[104.8936005,16.2163849],[104.8999863,16.2324944],[104.9047089,16.2377739],[104.9280396,16.2519417],[104.9488678,16.2577744],[104.9586029,16.2622185],[104.9776733,16.2792614],[104.957523,16.29163],[104.946188,16.30712],[104.934141,16.31974],[104.931226,16.328532],[104.926238,16.334274],[104.91594,16.338401],[104.903466,16.338277],[104.8950695,16.3430495],[104.890225,16.34815],[104.885367,16.355746],[104.886209,16.365315],[104.884136,16.370698],[104.871765,16.384574],[104.868526,16.391811],[104.862502,16.399287],[104.86166,16.403175],[104.863021,16.416752],[104.860754,16.427039],[104.852009,16.443607],[104.843718,16.452698],[104.830181,16.46472],[104.801293,16.47704],[104.773441,16.495163],[104.759774,16.509158],[104.744035,16.528537],[104.736716,16.541755],[104.734643,16.548274],[104.733283,16.564363],[104.734448,16.575189],[104.739371,16.593491],[104.74261,16.630692],[104.74533,16.641757],[104.749994,16.651745],[104.76243,16.689545],[104.764049,16.700011],[104.758932,16.716698],[104.759062,16.738948],[104.755953,16.748218],[104.745977,16.765323],[104.738011,16.793912],[104.7370029,16.8053846],[104.2463684,16.8988838],[104.2388763,16.8961067],[104.2230377,16.8936081],[104.2155533,16.88694],[104.2052612,16.8827744],[104.1933136,16.8824959],[104.1763763,16.8897171],[104.1599884,16.8936081],[104.1336136,16.8936081],[104.1299667,16.8919411],[104.1263733,16.8861084],[104.1255264,16.8652725],[104.1238709,16.8616638],[104.1202469,16.8563843],[104.1094208,16.848053],[104.106369,16.8366623],[104.1010895,16.8333321],[104.0894318,16.8305511],[104.0728531,16.8324013],[104.0724869,16.826107],[104.0755463,16.8197174],[104.0800018,16.814827],[104.0935974,16.805275],[104.102478,16.790554],[104.1160889,16.7722206],[104.1333313,16.7563858],[104.1349869,16.7402725],[104.1380463,16.7341614],[104.1510925,16.7236061],[104.1572113,16.7024956],[104.1708221,16.6974945],[104.1710968,16.6933289],[104.1680527,16.6869392],[104.1697083,16.6799965],[104.1763763,16.6724968],[104.1841431,16.6708298],[104.1869202,16.6688843],[104.1866531,16.6647186],[104.1819305,16.6594391],[104.1777573,16.6494408],[104.1813736,16.635273],[104.180542,16.6266632],[104.1816635,16.6186066],[104.1860962,16.6047173],[104.1969299,16.5966644],[104.2049866,16.5866623],[104.2119293,16.5708313],[104.2210999,16.5608292],[104.2244263,16.554718],[104.2241516,16.5469437],[104.2260895,16.5397186],[104.2358093,16.5308304],[104.2405396,16.5213852],[104.2394333,16.4966621],[104.2363663,16.4802742],[104.2374878,16.4730492],[104.2441406,16.4611053],[104.2460938,16.4538841],[104.243042,16.4380493],[104.2440491,16.4328918],[104.2563782,16.4369392],[104.2647095,16.4424934],[104.2830505,16.447216],[104.2874908,16.4519386],[104.2960968,16.4719391],[104.3044281,16.4727707],[104.3099823,16.4694405],[104.3144226,16.4641609],[104.3188782,16.4547157],[104.3208313,16.4397163],[104.3255463,16.425827],[104.3252716,16.4183273],[104.3208313,16.3988838],[104.3297119,16.3541641],[104.3297119,16.3408318],[104.3269272,16.3336067],[104.3277664,16.3294411],[104.3374863,16.3252754],[104.3559265,16.3233299]]]}},{"type":"Feature","properties":{"shapeName":"Amnat Charoen Province"},"geometry":{"type":"Polygon","coordinates":[[[104.519989,15.5588865],[104.5471048,15.5501533],[104.5855143,15.567356],[104.5824643,15.6043344],[104.6277303,15.655842],[104.6046208,15.672129],[104.6356221,15.6875545],[104.7400552,15.6561517],[104.8590855,15.5748722],[104.8761198,15.5559381],[104.8844583,15.5574299],[104.8911398,15.5782104],[104.9276119,15.6073771],[104.9297673,15.6408514],[104.8924824,15.6530103],[104.9026077,15.7577076],[104.9577607,15.7910663],[104.964908,15.857882],[105.0230391,15.9770179],[105.0046945,16.0198437],[105.0600095,16.0978688],[105.046455,16.101853],[105.041079,16.108432],[105.040108,16.115071],[105.037063,16.120993],[105.039136,16.122069],[105.036934,16.126017],[105.035768,16.134689],[105.032141,16.144916],[105.026052,16.152752],[105.025728,16.163158],[105.022036,16.169498],[105.018798,16.179786],[105.01258,16.189535],[105.010766,16.201975],[105.016984,16.235588],[105.014911,16.243842],[104.989327,16.271354],[104.9776733,16.2792614],[104.9586029,16.2622185],[104.9488678,16.2577744],[104.9280396,16.2519417],[104.9047089,16.2377739],[104.8999863,16.2324944],[104.8936005,16.2163849],[104.8886032,16.2111053],[104.859993,16.202774],[104.8452606,16.1941605],[104.8383179,16.1916618],[104.8219299,16.1897163],[104.8128433,16.1904564],[104.8099823,16.1852722],[104.8099823,16.160553],[104.805542,16.156105],[104.7636108,16.1466637],[104.6860962,16.1377754],[104.6522064,16.1305504],[104.6158066,16.1208305],[104.5977631,16.1111069],[104.5736084,16.0933304],[104.5633087,16.0794411],[104.5452576,16.0408325],[104.5413666,16.0261078],[104.5355377,16.0124969],[104.5296326,16.004158],[104.5119324,15.9891644],[104.5088806,15.9836082],[104.5069427,15.9694424],[104.5030518,15.9572201],[104.4960938,15.9477768],[104.4816589,15.9338865],[104.473877,15.9208317],[104.4641571,15.9105549],[104.4602737,15.9019432],[104.4591522,15.895277],[104.4599915,15.8838882],[104.4552612,15.8719435],[104.4552612,15.867775],[104.4591522,15.8594418],[104.4608231,15.8488855],[104.4533234,15.8361092],[104.4416504,15.8233318],[104.4388733,15.8180542],[104.4408112,15.8038864],[104.4405365,15.8002758],[104.4355316,15.7891645],[104.4344177,15.7783318],[104.4360962,15.7647209],[104.4302673,15.7622204],[104.4272003,15.7569427],[104.4302673,15.7397194],[104.4246979,15.7249985],[104.4241486,15.7144432],[104.426651,15.7088871],[104.4360962,15.7061081],[104.4391479,15.7002754],[104.4391479,15.6924973],[104.4416504,15.6866646],[104.4402618,15.6766644],[104.4441376,15.6683311],[104.4405365,15.6558323],[104.4421997,15.6494427],[104.4430389,15.6308308],[104.4452515,15.6288853],[104.4555511,15.6341648],[104.46138,15.6327744],[104.4627686,15.6297188],[104.4621964,15.6230526],[104.465271,15.617775],[104.4630432,15.6080532],[104.4630432,15.6008301],[104.4747009,15.5961094],[104.4899673,15.5941639],[104.5086136,15.5880527],[104.5108185,15.5861092],[104.5144272,15.5736084],[104.5193863,15.5660877],[104.519989,15.5588865]]]}},{"type":"Feature","properties":{"shapeName":"Nakhon Phanom Province"},"geometry":{"type":"Polygon","coordinates":[[[104.2463684,16.8988838],[104.7370029,16.8053846],[104.737039,16.809882],[104.741249,16.821365],[104.746042,16.828124],[104.757184,16.83877],[104.759386,16.844452],[104.758738,16.853782],[104.756082,16.862156],[104.746237,16.876809],[104.744617,16.891462],[104.736067,16.91742],[104.735743,16.946487],[104.733995,16.968677],[104.730562,16.985244],[104.729525,17.008272],[104.734707,17.027172],[104.746237,17.048464],[104.749281,17.048703],[104.751548,17.055999],[104.766381,17.081],[104.776032,17.105402],[104.783351,17.115989],[104.78795,17.126695],[104.790153,17.137461],[104.793391,17.140212],[104.79663,17.153669],[104.801488,17.164734],[104.806605,17.240214],[104.802769,17.272944],[104.80564,17.300007],[104.803858,17.371502],[104.799798,17.394542],[104.796036,17.401765],[104.776035,17.426907],[104.757817,17.443455],[104.74653,17.456803],[104.730787,17.483042],[104.723461,17.504159],[104.707817,17.520799],[104.697717,17.528114],[104.672964,17.541188],[104.61623,17.578583],[104.60821,17.576937],[104.51692,17.627223],[104.503355,17.633623],[104.496424,17.634995],[104.493058,17.639292],[104.482463,17.647338],[104.471869,17.651817],[104.46177,17.661052],[104.453948,17.6712],[104.438799,17.696617],[104.415927,17.723496],[104.402659,17.742239],[104.397907,17.749919],[104.393452,17.761347],[104.355134,17.822603],[104.348995,17.82818],[104.335034,17.837048],[104.302657,17.84418],[104.283349,17.855242],[104.273448,17.865939],[104.245526,17.932955],[104.240081,17.940818],[104.224833,17.98004],[104.213048,17.999698],[104.187899,18.02484],[104.1810913,18.0038872],[104.1683197,17.9980507],[104.1322021,18.0011101],[104.1244202,18.0],[104.1194305,17.9955482],[104.1166534,17.988884],[104.1160889,17.9763832],[104.1199799,17.9666634],[104.1294327,17.9616623],[104.1324768,17.9555511],[104.1333313,17.9519386],[104.1296997,17.9366608],[104.1302567,17.9277725],[104.1347198,17.9094391],[104.1330414,17.9019394],[104.1130371,17.8847198],[104.1116486,17.8808289],[104.1133118,17.8691635],[104.109993,17.8622169],[104.1027679,17.8608284],[104.0960999,17.8633308],[104.0877686,17.8699951],[104.0755463,17.8755531],[104.0694427,17.8799973],[104.0649872,17.8897171],[104.0666733,17.8930511],[104.0663834,17.8972168],[104.0552521,17.9094391],[104.0499878,17.9174957],[104.0469437,17.9322166],[104.0441437,17.9347191],[104.0319366,17.9347191],[104.0083313,17.9249954],[104.0,17.9194412],[103.997757,17.9127731],[103.9972076,17.8874969],[103.9894333,17.8761063],[103.9863663,17.8647194],[103.9922028,17.8519402],[104.0069427,17.8391647],[104.0141602,17.827774],[104.016098,17.8158302],[104.0133209,17.8094406],[104.0086136,17.804718],[104.0102997,17.8010101],[104.0147095,17.7974968],[104.0158234,17.7944412],[104.0119324,17.7738876],[104.0119324,17.7697182],[104.0152664,17.7611084],[104.0197067,17.7569427],[104.0260925,17.7549973],[104.0374908,17.7602768],[104.0402679,17.7591629],[104.048027,17.7502747],[104.0491486,17.7436066],[104.0463715,17.7341614],[104.048027,17.7319374],[104.0519333,17.7322159],[104.060257,17.7363815],[104.0635986,17.7355499],[104.0649872,17.7286072],[104.0591431,17.7183266],[104.0585938,17.7113838],[104.0638733,17.7083282],[104.0710297,17.7068977],[104.0741577,17.6999969],[104.0738831,17.6952744],[104.0660934,17.6902733],[104.0644226,17.6866608],[104.0658112,17.6838837],[104.0772095,17.6805496],[104.0799866,17.678051],[104.0797119,17.6738853],[104.0680466,17.6616631],[104.0663834,17.6586075],[104.0655365,17.6502724],[104.0616531,17.6455498],[104.048317,17.6397171],[104.0349884,17.6397171],[104.0302734,17.635273],[104.0291595,17.6322174],[104.0313721,17.6294403],[104.0394287,17.6055527],[104.0447083,17.601387],[104.04776,17.5952759],[104.0497131,17.5877762],[104.0494232,17.5791626],[104.0441437,17.5702744],[104.0347137,17.5611076],[104.0324936,17.5536079],[104.0347137,17.5211105],[104.0166626,17.492218],[104.0086136,17.4763832],[104.0086136,17.4719391],[104.0127716,17.4624939],[104.0313721,17.4347191],[104.0419312,17.4133301],[104.047493,17.3919411],[104.0510864,17.3863831],[104.0572128,17.3827744],[104.0683289,17.3849945],[104.0716629,17.3841629],[104.0799866,17.3777733],[104.0930481,17.3772202],[104.0980377,17.3816643],[104.0986023,17.3858299],[104.0938721,17.3986053],[104.0963669,17.4008293],[104.1069336,17.3963852],[104.1169281,17.3872185],[104.1263733,17.3827744],[104.1344299,17.3813858],[104.1388931,17.3861084],[104.1480408,17.406105],[104.1535873,17.4102745],[104.1574936,17.4111061],[104.1869202,17.4080505],[104.2052612,17.4091606],[104.2252731,17.404995],[104.2402573,17.4086075],[104.2658234,17.4102745],[104.2746964,17.4158287],[104.2819366,17.4183273],[104.2910919,17.4177742],[104.3099823,17.4222183],[104.3272095,17.4222183],[104.3583221,17.4186058],[104.411377,17.4213829],[104.4155426,17.4208298],[104.4191437,17.4149971],[104.4158173,17.4038849],[104.4174805,17.3922195],[104.4111023,17.3752747],[104.4111023,17.3669395],[104.4158173,17.3574982],[104.4241486,17.3469429],[104.4283066,17.3372192],[104.4277573,17.3330536],[104.423027,17.3241653],[104.4233093,17.3199959],[104.4274673,17.310276],[104.4316635,17.3049965],[104.4335938,17.2936096],[104.4313736,17.2772217],[104.4349823,17.2669411],[104.4421997,17.2561073],[104.4444275,17.2486038],[104.4433136,17.23666],[104.4258118,17.2211075],[104.4174805,17.2108269],[104.4135971,17.1999969],[104.4124908,17.1919403],[104.4013824,17.1744385],[104.3980408,17.1544418],[104.4010925,17.1347198],[104.3999863,17.1222191],[104.3933334,17.1147194],[104.3844299,17.1102753],[104.3713684,17.0955505],[104.3605804,17.0914841],[104.3608093,17.0802765],[104.3591537,17.0738869],[104.3547134,17.0663872],[104.356369,17.0599976],[104.3608093,17.056385],[104.3758087,17.0499992],[104.3874969,17.0411072],[104.3955383,17.0381699],[104.3919373,17.014164],[104.3874969,17.0094414],[104.3724823,17.0063858],[104.3621979,17.0022202],[104.3516464,16.9897156],[104.3460999,16.9855499],[104.324707,16.9794388],[104.3191528,16.9705505],[104.3180466,16.9619408],[104.3105316,16.9411049],[104.3035889,16.9347191],[104.2972107,16.9311066],[104.2819366,16.9277725],[104.2760925,16.9244385],[104.2641602,16.9124947],[104.2463684,16.8988838]]]}}]}
